--
-- Euro 2016 data
--
INSERT INTO `groups` (`id`, `priority`) VALUES
  ('a', 0),
  ('b', 1),
  ('c', 2),
  ('d', 3),
  ('e', 4),
  ('f', 5),
  ('8', 6),
  ('4', 7),
  ('2', 8),
  ('1', 9);

INSERT INTO `team` (`id`, `group_id`) VALUES
  ('alb', 'a'),
  ('fra', 'a'),
  ('rou', 'a'),
  ('sui', 'a'),
  ('eng', 'b'),
  ('rus', 'b'),
  ('svk', 'b'),
  ('wal', 'b'),
  ('ger', 'c'),
  ('nir', 'c'),
  ('pol', 'c'),
  ('ukr', 'c'),
  ('cro', 'd'),
  ('cze', 'd'),
  ('esp', 'd'),
  ('tur', 'd'),
  ('bel', 'e'),
  ('ita', 'e'),
  ('irl', 'e'),
  ('swe', 'e'),
  ('aut', 'f'),
  ('hun', 'f'),
  ('isl', 'f'),
  ('por', 'f');

INSERT INTO `locations` (`id`, `stadium`, `city`) VALUES
  ('sd', 'Stade de France', 'Saint-Denis'),
  ('le', 'Stade Bollaert-Delelis', 'Lens'),
  ('bo', 'Nouveau Stade de Bordeaux', 'Bordeaux'),
  ('ma', 'Stade Vélodrome', 'Marseille'),
  ('pa', 'Parc des Princes', 'Paris'),
  ('ni', 'Allianz Riviera', 'Nice'),
  ('li', 'Grand Stade Lille Métropole', 'Lille'),
  ('to', 'Stadium Municipal', 'Toulouse'),
  ('ly', 'Stade de Lyon', 'Lyon'),
  ('se', 'Geoffroy-Guichard', 'Saint-Etienne');

INSERT INTO `game` (`id`, `kickoff_time`, `group_id`, `location_id`, `team_home_id`, `team_away_id`) VALUES
  -- Matchday 1
  (1, '2016-06-10 21:00:00', 'a', 'sd', 'fra', 'rou'),
  (2, '2016-06-11 15:00:00', 'a', 'le', 'alb', 'sui'),
  (3, '2016-06-11 18:00:00', 'b', 'bo', 'wal', 'svk'),
  (4, '2016-06-11 21:00:00', 'b', 'ma', 'eng', 'rus'),
  (5, '2016-06-12 15:00:00', 'd', 'pa', 'tur', 'cro'),
  (6, '2016-06-12 18:00:00', 'c', 'ni', 'pol', 'nir'),
  (7, '2016-06-12 21:00:00', 'c', 'li', 'ger', 'ukr'),
  (8, '2016-06-13 15:00:00', 'd', 'to', 'esp', 'cze'),
  (9, '2016-06-13 18:00:00', 'e', 'sd', 'irl', 'swe'),
  (10, '2016-06-13 21:00:00', 'e', 'ly', 'bel', 'ita'),
  (11, '2016-06-14 18:00:00', 'f', 'bo', 'aut', 'hun'),
  (12, '2016-06-14 21:00:00', 'f', 'se', 'por', 'isl'),

  -- Matchday 2
  (13, '2016-06-15 15:00:00', 'b', 'li', 'rus', 'svk'),
  (14, '2016-06-15 18:00:00', 'a', 'pa', 'rou', 'sui'),
  (15, '2016-06-15 21:00:00', 'a', 'ma', 'fra', 'alb'),
  (16, '2016-06-16 15:00:00', 'b', 'le', 'eng', 'wal'),
  (17, '2016-06-16 18:00:00', 'c', 'ly', 'ukr', 'nir'),
  (18, '2016-06-16 21:00:00', 'c', 'sd', 'ger', 'pol'),
  (19, '2016-06-17 15:00:00', 'e', 'to', 'ita', 'swe'),
  (20, '2016-06-17 18:00:00', 'd', 'se', 'cze', 'cro'),
  (21, '2016-06-17 21:00:00', 'd', 'ni', 'esp', 'tur'),
  (22, '2016-06-18 15:00:00', 'e', 'bo', 'bel', 'irl'),
  (23, '2016-06-18 18:00:00', 'f', 'ma', 'isl', 'hun'),
  (24, '2016-06-18 21:00:00', 'f', 'pa', 'por', 'aut'),

  -- Matchday 3
  (25, '2016-06-19 21:00:00', 'a', 'li', 'sui', 'fra'),
  (26, '2016-06-19 21:00:00', 'a', 'ly', 'rou', 'alb'),
  (27, '2016-06-20 21:00:00', 'b', 'se', 'svk', 'eng'),
  (28, '2016-06-20 21:00:00', 'b', 'to', 'rus', 'wal'),
  (29, '2016-06-21 18:00:00', 'c', 'pa', 'nir', 'ger'),
  (30, '2016-06-21 18:00:00', 'c', 'ma', 'ukr', 'pol'),
  (31, '2016-06-21 21:00:00', 'd', 'bo', 'cro', 'esp'),
  (32, '2016-06-21 21:00:00', 'd', 'le', 'cze', 'tur'),
  (33, '2016-06-22 18:00:00', 'f', 'sd', 'isl', 'aut'),
  (34, '2016-06-22 18:00:00', 'f', 'ly', 'hun', 'por'),
  (35, '2016-06-22 21:00:00', 'e', 'ni', 'swe', 'bel'),
  (36, '2016-06-22 21:00:00', 'e', 'li', 'ita', 'irl'),

  -- Round of 16 (eighth-finals)
  (37, '2016-06-25 15:00:00', '8', 'se', null, null),
  (38, '2016-06-25 18:00:00', '8', 'pa', null, null),
  (39, '2016-06-25 21:00:00', '8', 'le', null, null),
  (40, '2016-06-26 15:00:00', '8', 'ly', null, null),
  (41, '2016-06-26 18:00:00', '8', 'li', null, null),
  (42, '2016-06-26 21:00:00', '8', 'to', null, null),
  (43, '2016-06-27 18:00:00', '8', 'sd', null, null),
  (44, '2016-06-27 21:00:00', '8', 'ni', null, null),

  -- Quarter-finals
  (45, '2016-06-30 21:00:00', '4', 'ma', null, null),
  (46, '2016-07-01 21:00:00', '4', 'li', null, null),
  (47, '2016-07-02 21:00:00', '4', 'bo', null, null),
  (48, '2016-07-03 21:00:00', '4', 'sd', null, null),

  -- Semi-finals
  (49, '2016-07-06 21:00:00', '2', 'ly', null, null),
  (50, '2016-07-07 21:00:00', '2', 'ma', null, null),

  -- Final
  (51, '2016-07-10 21:00:00', '1', 'sd', null, null);


--
-- Dummy data for development
--

INSERT INTO `avatar` (`id`, `data`, `mime_type`) VALUES
  (1,
  'ffd8ffe000104a46494600010100000100010000ffdb00430006040506050406060506070706080a100a0a09090a140e0f0c1017141818171416161a1d251f1a1b231c1616202c20232627292a29191f2d302d283025282928ffdb0043010707070a080a130a0a13281a161a2828282828282828282828282828282828282828282828282828282828282828282828282828282828282828282828282828ffc200110800c000ec03012200021101031101ffc4001c0000020301010101000000000000000000000704050603080201ffc40014010100000000000000000000000000000000ffda000c030100021003100000016a0001f87e983c80e0ce646d4f8a8d768c4f476ff0143f4d9e02cb931a40b8b2df7417fc98df42bf83d7f448b0f50b71962d594000000010923398e67187da3147167fd90e57c7c927f65cf28fa5c0408f53ab33103710ca4fcfae076939fb33566674c28365a2449e81000000c70b97ba61ce198d3fe1fa62e8069f0c16c88b7959660014f7195580e8acc2adcf445df96661e8aa6a36410277e80ab6a70297429a6e124030d95ad621f76b5b6c559716279bbbfa2be0f2cf4f4a6548b7a9d731a4acb3f83cfce2c04821e4df56679fba5bb80f3c39f4518cbee56f4a337e1515e6db22cbfd2e2cd16e6159b35a368898072f414345a5d1912d6b36a77e744a8273ab2da9000054f719e535c1945a3dbf4457677f33312b3f86185b442b6c563731baa336a4f43f9c0d131e666460505d2c8abf40799b7a36f1fa498799d9cc7490f11756e4cc3b2231439364ac46577cde4469d7ab74646abe8d22b6faa9384bd8c8630956cd3f53a79d98bbf34a8b7a2946d79fde28a2ea92e8205fe928cba99131a58da673605450c47189194f90f3c3d53d7c356812b56769b1dec2c60fcba89ffa067171b1cf960c900573454a3013ce5580baedd6296d6d92065d2e381813d6017fb456cc36f99bad889ad131b99f1bb95005c667eb6a58ed0021cc4a911e98fd8800095752207763777ccf3f5d55d91536144e33053eb5d822189817914eb56f250779073e6a50ba4cc8c15c6ff64556ae8e416855638ed89eeea3a80000211f6831f81465ce6af684ca523aba9e7f9ae0e224acdb1f02b6339acc4ddfeea849bdb37c4b3fce9c091c70bc4fcd3eced80000000044bd9103df377130cfddfc521189df644fa9bfa43fc95fa51c5db4830b6fa3ce92eb309a63272db9d0a1be000000000000ce68c10ae6fa558e6121a119c2ef88ca141443cf2386d31459c705f899d4324397500000000000000003ffc40029100002020300010402020300030000000004050203000106141012131511201630212335243240ffda0008010100010502fdaf229a357742baacb7aba7593ea88964ba0673cd9ceaecd88e2fc8a56b2cda3631cfaabf229ed96479a365afe30766f9a6192e7596b3eadc8f95b96a04953b18ff00eadef5ad31e9461f3ce72db74f2d7d99ae506c0b9d08697c73af53fb0cf8d9cb3c12a7962e0e19ed435644c4bacd5ca2dcfab02ccf18ca334c7e2deb7a96b2708ce2eb9e8ee3ce3bddb2fdcc26a12864d0a6d7a8e6a15eb71f65514f44e1b49a86e21b1af35532cf84ede7897cb3eb2996415830cdf8d46e470b1cb4e572cd4125b288c5d7afb2f8f3c2dd5a15946cb7d3ad5bf0dbce32f3c4fdba2b4839ca55352dab08beb1ea85e519adaf94f36a6bcfaf26bc17c9fd0e8c8b2f5afc6b2d168bb26944fcca0c45d0f5eb2bb856f0a6642f9617440919759352eff62adf93aaf43eb896cfd6faa17d2a6c9ca9f503ddabf2f345a336f176b2b6e059b84e33896246e91cbfcf807f3ec7d6bf1acec80c425f98b3f4e81bc40a7945d3bcbf4ff1f93ba30c697f2dd7e68ea8596c3386322153baacf572ea95da996d5c582f2b6ca338ee12c188b879a3e8be79fe97d50be9a677738cc7beb22af4e85d783a4e9666eea63f24e771bad7ceda527559d72ad0c4896cd87f8cae72ae69fa2aa4282f0434ac6447880271fecdb14702aa827a92673f10c32dd2363bca4566b2d60679935b64cb4919b5d5997cccf7ea6763b0ad2729b0c476ae36a3c6c4a3fd9bb2f7f616c2e26eaad3c4a3749c2dfbf4dc632cb0216cc61cd0b74152ed9a7aa4e32ede4e11b20df9bb29dafe5a52c1168826591f75603a297143115134ca9aa523bc5f808e8c412bf99eb3d4f9f692cdedaa89227106506faae8959f3f3cd022ab306e627f00ec29f139d7da364251cb173cb794b75009b9ab2f2fa616b1f9f61731172c9c6b8731bd49ff00eee92d4c73eb1b2fb3e77b66508189735a8840b1e9ba057f287da68b64236419d1246e0d8c4e52dc5f2798aeeb6bd26b7db071fed515ca364339e32cb5f30e7c634bab97063ba2a8515366c3ae84a6c3a025326a56ebd4fe94aa0a0baa8ca6219abcacd6f5bf59ce35c5974d4539b0d8b68f3ed34b2e11d0254bb78ebe0e7b7bda5957afa7c2ab9a96ea1868514016ba33ac3a4283cc9101dbe6f7f8d16c08272da88b48e30b86c7f46eda95b1df593fca97953223b280f02450a8b41fab07200083ccb7a00d867556cb07059badaee7c41318910102e7d669913fc4ebf774964ca634c22100d6ef192e74eb7cd0f903752c82caa8bbb2b7dccefaabf951743f14770a4a86b5f8d7b238e15dea8a03a71e43236d36769608c5ee0a408e50ac51cafa68d0693d3875613d3996e4416ccf62f29bce9578abb117fc862ec30b4d9a5ecace307baa1b2218809d6d92639d431f34856aa9141c675fd57439d3cbdcef8e1be439783b6ac375b44b60bd5cf595f4e04b3efd64b44ff1cb2743d541536f590cbfa83679b21a9f9473ac2dd2b161f7028228be8c9b0a04589961e54496076588a012ee6d5f9e4eb5f8d6143874dcedf1174b974ff0ebd3b787fb409fc80749ff006f9e6140e17193f6b3eb0cf19772cba9257dbcc813c7e9875a2a343060153cc810ce943a03623af107d7a3fdec5e8cceaf0a70713830f7156b202d5f7ad0e95811e4def1a002d610be9d434f0c7e6137bff4ee3ff54bff0027aa8fb5de5564ea992c092470df982515f5976b1d3adb3a40e8e4187fcb678dd8ed895fcb77f8bbaa2a58436388c96e52c5a94a3e01f2d457838f50d5f68359299cec9345e6d578347a184404196d3376eb5afc6bd7b897fb54ebdaafb5abda71144e8fe9146b8a98fcd1d6607cb8b567500c3e9f8cbf53030c2e80ea72e2e673e75178dfa756cfc923970bc45bfa7673f733163ec1bb01be65b5cf44264c354d15a318520d788feb684c86a60195cb7c43f3408e791ae697eb075a18d5f19bd7d8fa5b08db5877cd2b96dd1d23eaaa4e744a74b42fd7af4ce3c5af9c532388fd5f6fe7e8b2c846cadc27bd75aa1ed41699df55cc6e90edd67225ec763bff003ae7bf22745966bdd5f27add6eac306ab08e857d38575766f3c462e085fcbd55e5a40abeb858593965b4050ae57918f1fc078a5496b09d55c29aff005aff00f23a8f4def5f92d1004e5fc9e59cc1f0c921650dc297b4c7c069aba307d9319f5f18738c65957284ef28e5468e0aa821b0d60307af9189f9f95ca65f230372c92f4f8c1c96d2c4dce46afe8e7ffd9d062897b87269f9ead34f1675d90b6396c4cdcb503f592d31cf6b3cae25fa5e4d346a4e6bb364ccb9683dd356fc338ac9dca92e9874a4df8bd0166c97af1c0aff00a398d7e1f61225d4903b61e729c216c2c442fbb4bcfaf354b5d67b5ae7c6cf79e330cb3db0cf8c7b32a5f2d6fc0becd0eb441f6c5e06165cd1a35907cb5d3c014880ff005b0f9147402115963e5f4557c3e9c68e681be39e3179e3919e259bcf0219a581fe6ba6aabd58b8101cb0e66f26bb9a1e8c84235c7fb1dac83218130a4460078e757fb5f7d5444ae941a709ea4a9e58d985d2a2b78641772f5c375570aa1fde70341d51dcf9614c6e8cfa32beb219fca86c9f57565dd511bc9b76864e8e75813ba394a7594a05d565235347ff000fffc40014110100000000000000000000000000000070ffda0008010301013f0134ffc40014110100000000000000000000000000000070ffda0008010201013f0134ffc4004610000102030209070906060105000000000102030004111221101322233141515271053242617281d1142024628291a1b1c13033347392e153638393a2f04015434454d2ffda0008010100063f02f3aaf3a86fb4691f7a567d44c66a59c5768d23352cd0e353193653d96e2e54d1eca2919489b576ab1f70bef588ce1423b4e88ca9d944f17e2ee5192fef4544d3247528c7e21afd462e79a3ed98d283fd48aa12e8ec39004d254a4ec793f5808fba7b715af87d954dc20a65c63d7d5cdf7c112f6928fe5e48f7c5a9a994a49d82d4654c3df082a502f9d58cd0228c21903852323c97bed45f332cdf65a27e6633bca4ff00f4d294c7a54c3cbfcd9831ff0086789b5192a941ec452d491e3662db2d841de65567e51e8d378d1b9302bfe422ccfb4a963bc6f41f6bc62a0d460295a429275182ff00270b2e0bcb635f081293a73ba10b3afa8fd829e7d56502312d0506c9c9693af8c0727f2d7fc3d43c60a5909040c91aa3d2edcc3c79ce2947e1b22b2d3936cf505d4464f29da1ebb223f152ff00d93e317ce343b2c7ef19c9e7bd94a53f48ceae61dedbca8ba559ef4d6024e25b3a85c22f58ee49319e2d9edb5fb455a7186d7b5b731662d494f6393bafe57f908c5f29cba98add6f9cd9ef8c6f24ba94037e28dedabc3ba31132832f33b8ae9703af089d60512a3974d476c51c39f6ee575f5f9fe489d0836509fac6a53e79cbf0c05c7d61081acc5a97409764e85ba2aa3ecf8c676726947a9763e5174c4e0e0faa331ca2ff00f5405c59990d9d8b6f5f7798a624f36b14c7cc017a46e83b600c19d65b5f69358b4c632597bccae9041289f635a542cafc0c29de457314e0fbc9476e1eed50a979a6ac4c239cd2b9c9eb101b9a517a5ba2feb4f6bc7038cb9cd58a404b9759562d7c3cfb6dff00ec247baec3292eb4d50d82fabe43cc536e8aa157110eb6e1b45874b56b681a3cc9da8a0c75dd7929c19e98690761547e293ee319336d779a4550a0a1b440710717309e6b83fdbc421daf93cf35a169ff007440138118dd06c683141a302275b1eab9f430caeb9691615c479a5b6cd66542e1bbd70271d19a6f457a4ac35d70508b4f286e68f7c7e0eefccfda33acbadf0be2b2cf257d5ae26aba16edb1ee1e658fbc7f706ae3052de30a775bb9222b34f25077537c149d22ec16a5dc5a15ea984b13b44b86e4b9a8f9ab69c154285088521d05728e6bda36f184bacac2d0ad0461c44bd0cc9ff08f2ce5151c51cabcdebfda033c952b8e691715d6c20708c994689fcffda2e9361236a9d82dcb84e395cfb2757545a7651576a71b24451525260edc553005b6a2950d0441ff00a83810ea35d39d18867196ce8aa74e079f02a509a88026564d6ab5ed54041294d34368d31e8edb6da7aef30b7112ce1b66d64a2e8fc2abde231e897712a1aecda80b530d36ef4948bad434661c7595d28560d0984a258296d1e94ca40b3ee37e0ccb2c14ed5b847d232a5e5ffbc7ff00984aa6587f8b0e63027d93f480e367192eb3ecabc0c07593c46b0702973194055c5f5c3ada956393e5fef55be76701094726cba65d8d4ebb75dd498b2f4cb417b2d451a98696760561bc0319c97655c5020996cc39fe30658aec52b534ae882a6eaa74dd6d580a162a92284463242ae23735880b9e72cfa88d3ef8cc308077b498526b4a8a560b13c54eb6936540f387080eb0b0b41d622d29b4156d223d37158afe66880cc8345c09b86a488ab416db67772045a514a8fe6402ac7363de93f48b2b011309d29dbd6203afa42a55ecdbe0ead8a8ab46d32abc6c5a610f326a957c23951f1ce42453e30e329d362c93b4937c259e4e412a5dca5034a08abae34dfc4c55a994295b0a6905a7095a5268a6d700cb82e3aa1cdd1678c2dd7d094d156459d780adc504a469261c23410bfb0b60e2e6074b6f182584bbda64d6b167d33f41116a64e2fd671553015671aeef2fc21c55ab2ea8596f8c3a99855b5b679dd5050e24292748308725eb639e8e1ac438137875baa7e912ee74d9692b1eebe28db8b48ea31ca2ded6edfe9358794de50b2163baf84ad06a950a83826c170a9b72d1d3d7742df5b8ea54ad21348aa94f2fa8aa12db490842740119c369d3a1b1a62c8e60d5a1088b55c63e45ebf0f31c6932c845934cbad6026719b037d17fc2265ab48cd91669a4822b5c17612a5a82523598299318e737ba221d9c76b6529a82ababd498731882a6dcd34d22025b78059e8aee89656b0a22256bbb05bd589a7c30106fb27f524c36c4f5ccd332f1e6a93b0c5655f5960e86ed0291c2034d9a2debabd5ae1a2e1a25554d7054e882d724376f517cf3070db0f5a0b71c454ace9d10b95340e0368758c29c602b715a1022e944d3b701854b942e95d3510ce24203b436c27e112be50c36b586922a537e88be55a3c44635a6d2c91ad39317bd8c56c6ef8a4a3496c6f2af301c796ac56fb9a3b84052c63dcdabd1ee875d734253ef85a5cb41a426f29dbaa2e9b559ec43322cd578aa2075aa128e8b48f943ca569c5d9ef3760c6b633ed5e3ac6c85c83f4524e5201f888c6c912c1e9207315dd0846a4362108952a7320578d2f84cbcf9251a12e6ce3095121d6ce8bea931742b246569eb8f2995b589ad52a1d0e31e99543c37456d43f99b0d2341ac0330ca1646b3174a33de9ac198976c36e14d9bb445be549d63175a9caca5c5194add3d428228c250cf0168c55c0f286d74d04566a63b9b1f58976e5ed5b554a8a8ea894fcb10415e31cdc45f157325b1cd40d021d71c4d1a76853b4e07e79f75016e1bad9a5984372c0f935a05c74dd686c1089395cb42557d3a4a86db75a6d6e695129adf812b45c8b41c1c35fd704c75507c21730ae6b29f898790d283632975a75c1b38c4a36a6f418a4ccb8575a0d232b1a8e298a17eed85062d5a524ec6c28406a550ed81a929f18cd4aa8f69548cda5a6fbab1ce99701d49069f08a96d2df6d50dcacea0d2d1428575c66186d1d605f80e31614e6a6d3a614fbba4e81b042259a538a48140da2e1487663945da2e990846f45b747a3b7cef58ec8a0d183ca1e614f3cb344dc567bb642e5da18840c9550d49ef8137349ce1e624f47af0caaf68508975ef3693f089ae23e5136c3aab0e2c12851d7742d3bcd98c50e7bf93ddae1d5cd3295852f26b1938d4705425c6dc754b52ac8b548c7bae388ca2053588cbc6b9c55e10db72e8b08280695eb3199976d3d766fc25e1bc97041126c7b4e78451730a09d88c98b0c214e2faa12d3d4b4a4855d14141415717b612db35b15a369d836c2186b4275edc38864e7dd1fa4426726937696d07e7e649fb5f4894fca4c3deb049f860b4d2d4856d49a4259987318949a82ad3ef8434d62ac22e00a63392cdab812210de23176556ab6ab0d302592ab0295b51f844feb84bc5b08a26cd2b58fc18afe67ed19a69a47c633932e53624d9f9455553d718c68252d5696946019a714e9d832445861b4a13b12219984a09404d9511aa112d4094d00559d2b8c6bc3d21cd3ea8d985c79d39281582e4c7339ebe1b22834799289d81462507f293f2865cdf453dd08b7a169b4923411f63625db538ad37467021a1eb2bc201995a9e3b39a2330da521955aa246a8719e936baf71c18c98584a7e718a6c14315b9034ab8c26667067ba28ddfdfccf2664e65b37f5aa0294338f651e1abcd42775b1f330d27624080ea74b2aaf7438d2bef65958c4764e910fca9004cb394daf8ea832f3d6d2a55c8a1a65425e4bc5c49559a59d118e33241ad0a4274438e373254a4a6a13634c3adccdab936850d239ae1f6e149698400a143aeb13007f0feb854858aa5428614157a52ab0beb4c62e4e8f3bbdd1105594e2b5ad5cd4c5b39c7f7ceae1e619697567d5ce23a03c603aea7d1906ff0058ecf3968f5928f96052162a950a110a52415cbea58fac10a92402ad2b6ee30b7e52d252a36efb8830b612f36b74a751d0a832eae6bb77b58032abaf53670280d244292aba885054671f693c5622e74b87620452565c27ad66b05ec51255d322c880a9d5e355b89b842504a5b1d16d22f3c04552df9335b577acf76a8abce9a9de352ae022a52586baf9e7c20b122429dd057a931e5135692c135a9d2b84b6d242509b801e703b666bf1c364eb8a96b16adaddd1989aee5a6324b4be0a8fc39ee508b28f2b038d631b8899c6d6b6e86b17796fbcc595f9494ec2ba45ed253c56233afb49e15319e79c73864c66a5d15da6f319e70056a40bd47ba3369f22637977b87bb54652edccab59cb71519a40926779cbd7eed505d7dc2b983d259b4e2a3c9e550a436abac239cae301d9fa2d7a9bd438fd8327d651f81c0e55768879c1c328c59b450a17a5434a4c06b94d18956a747317e1169b52569da935c19a758427adb27eb1f7d2c7fa47c6325c94fd0af18bdc93fedabc633aeb1ecb67c7055e750df69548a48b2f4d2bd44d13ef8acfce33c9ed6e366ab3dfe115e4a907661c3ff7ddc9af798f4c9bc523f872f77f941a580eec4e52cc58944e251b74aa31b344b483792be718b32e8a1d6a3a4fd8b6365af96054d727d2dabef195735cf0318b7eb2cfff000ddba2cad295a0ea3788b72e5d9656d69748cd72a2e9fcc6c2a3f152cae2d47df49ff6d5e317cccb0e0d1f18cae514a78303c63d2396975d8928062e572a4df7a80fa4558e4d9567d67d56cffbdf1e913ce59dd6462c78c5a6d84dbde5651f79829b58d777110512885211b1afa98b538e86c6c4de62acb597beabcfd9a9d40bad6313d60c21e64d50ac165e6d0e27628563d1d4fcbfe53a44647284cfb412afa47e3d5fda4c5f3ae7e84f84654ecc77591f48cb7a655c5e3f48bd84abb795f38cd368476453090e2ed39b88bcc16e5105b675d9fa980a9a38f736746025090948d407dad9e6bc9e62a14d3c8363a4d9f988b72ebaed4eb1e7da79c4363d6348a356de3ea8ba330db6d0ebca317cd3b5f54d3e51642a66c1d6b55980b9e5e355b89d1010da425234003fe058984056c3ac463a416a700ddb9622cbc12ed37c50c6725163b2aac7dc3ff08c89570f1348cccb369ed1262c21c72a7a2d26916df21baeb7155319f98715d9148fb8b67d724c665a6d1d94d3fe0fffc4002910010001020406020301010100000000000111002131415161718191a1b1c110f020d1e1f13040ffda0008010100013f21fca0cadba4c015923df0a96e50fef5347117e9af755f3359906b78159d76af6ac20380f75d8057ba8316d9a6610e84eb7928bf54e4bfd74a3fd2795605c0fed532ceccdf0d6a14d47962a5f11ccee67e7fe4c940bab9524b1da540f6e540670ac61e3fdd37882665d58a8d70ec0f55b49c8f2306b641897854b80f12a6aa619cc7d5b3425bb6879284e2db3e73565e020f559fbe5fb28d80cff3d63a07e803d668c52581ba661d146449711c7e311000c8d6dc9a5e976afae904d7cffc058752ba1bd1e826bd7d9e2a0df1c0f5be8e34aa692080e586552557104cec1b362a58cff08d5b8b49ddc6818ad58df60deb1a21fdaba92f2c81d042af2e7535d5a5380d41e0563c8fa1050f016e7ba68e6bc312838324c0f73cd26d0ff2561ceb54a6397f7a6f59fb6ec21f38131749e6f3c6b4fdecf2fcd1bec4ad950ba86b67c3eda0f8c6f9695a54421d4c87172ab8e7c8874252315d69620fb07e06909546210e258757f00288886c618a9762af22c112b7f82938734951d48edc29686b010fd31a42e3648cba6aee5a94b690aeafb2983161b966dff7f029cb5edbd3e30d9579f87f3be736319c8f4f920c424b3163abdbf08c6fb8493953ee1358c493bc27e02474924c1f128803273d29287969ea86123edbd0665c164a5d985f7367c0d291271aad37597fa5591eb8a7776e1404102c07c72822fa6dd289597d09ad9e7f895f862c9abd53a0125fd16f3f297210226929b3391f5a538054011bc409e2b750830388dea0dddaea3ef1fc20c27244ea5956a86bad1fdb4c9a8b0ce776b10d55c7e0ff000289fdd646e459744c9fc401b4ccca7493839036667f283914fc83b42cab706bc76a8eae0b9d2e545f0aab6a2fcabb104ada7771f053b54618f792e541d2fa06cd48b42091de29bb4be3e570941d6caf31d60ce8a34055110bfd9f87927037ca8498985c0ca850e6dc572f6d34d331fe5520baa52e59a0a4e787ba0e048b623bd475ac0bcc271a49cb0033665d6d563122b86b3e25185e828caa91e4563e236a0c40af0e66e450ae42313c046fc7bd4b3c6cfc93f0f7af9585d63ac722b111d1311dd9f52a0ca609cc3bf58a8d7d6509e95b71c33d3e7be61346a4a500c5c98553b9faa91bca1a0299925bc6869f0425e460948670ff003ea56f469a79bf4a3885e63bade98a49a0caa5d9119dd4e3c2b0b55fb34ad96315a521a888ddcf3a2a033e139ddad3ab7b4ddae620cda6ea5e6fbd4424292c050b408c2bdb309e1a55e496e3c0bb9afeea2ceb9acc77ac51738e1ef153b641d210b9ab4e322010f75ceb91265ed5bbd2e0b2cb9f396a6c56b988d1cbc54f339321c4fd5311e702166fc7e2ff008f5c05387290f3ff008176d20249b47ba79708b90bf529f5aee228dc638f65ff00952c42ca98e180a1bcc20c6799c31a582182c545a7a343e0e052252d176e3ccf8e15df75689ee8a20c964da00f7ca95cd530e135abb1cd6e0e935b0816623c4a12041331a6c544c331916c2e5508c5c02c469b503d9203b1431ea0562b01925b76ee8566e798d86fbf7a618448441a0cbf02413c66519e55201336071a65b13562f22f4a05d8a02509b7ce3d6e580a0f24a56f73f6f410a45a40bc14f41c13e060ef8b56b2a0137ada976f16e09fca45c76f2962a4331f97e233c2727ea914a962680a72c992617a29bc7e719121b4d4eb9ac621fe8280399560296ef1f00c802eae552eef43e29c5f6f406c57a4665a9675e5cd8f33e4702e74baae4560e342a7c52a32c28b55298a2816b49df1a5c63464599e35379068fe36de11be49c6a6800fb5c3bd4dfda18c3cd4a52b891f669562772ace183cd2dc0c83564534b2855e583cf4a6f43a213d66ad9f54b2b44af6ef538b06bac31a0b58c5c08777e31862c1cff62a0f068327d2fd681b2b7323be5e2534ef9455fd54c56adb337806deaa2006a51a6a37abe828760c1a000006014b818747ba892c19ed694b024dc85b8d39d589c6c737c9de871b40170d26818e50f2a6d208614e71ad101233fe4634122d87926fda9b8f387917f5411a74bf01f452e026b33bbf541055e45c01b6b59aa0019e6cb9b8142545ddf33777a092c939137e1f0f49cb0022f139d5f21094033aece6e11528b125f96070a39bc875cc6fdbe3257fee6cf0a1924afb356d089c82f03c4d42c08a90180ee53ec55de74d3ade863eab21a24bfe3f86a7eec43fa3a4a996211e51158ac418975557a38f183f01a9209d49bbfeaadc65c4f4526cf384bd269194c8b031737a0098fa4e3f1a85912ff5cea134b0186505122e6da0b5c3cb58083bb905cf9566f39ec3f6a020016032f8279ce919030eca917a607670b470eb4b1615b60d5bf8f98b3eaf247dd4c177b02be8b4d1bdc290ad89ca856cb1c446850e641b0c5eb9d47cfa8de02f0e38f8a59e4e7f2341eb60a0595caa4a949240677de6b353c33c2a60eac8de0cf851096341ea6ff20e246e901ec69a448c9fd3f753eadb4ed47de321dd72a71d849daf976a1a77db9a2eae95cb49ccc7e5a132d5f32cd7e70938831d5e2e05189ec298eff5f877d57d669539ff00027af81c4245e3ad2f986c13e540342ff43415c3eee34e20758ad1a51c6318937e15feaff549f9283215f74530129beb2ea7ae9a074a5c2dc5e83a22b3e18d8bd35f556e7e28a1be8298d7809c724f5acdb911435fd565e6fa1dfe618931be873abdb1764181f1d680800580cbf093fa113f55b61e0540e5baa5fd2acc111a947fc5784120e053e3c4c3d254c09fe98bf7a198956c323e9e5535b28fa663f0ef2ea715a067436ce2f932ddc2a60ae26ef7ea3f0c4add46dfa8fdd5b3b8d991d2fcff0018df0ea94aff0019e29444ccf1d9f549d1c40bc17061a5071966333693bd40364d61a1de8af11c8605bb3b5179ac4999af9a9ca53216653347f24f7743e4a6afc62a976f1490d15a2e6523807e6538c5a8d49f2c1bd8f869c599f4e6d69d15807838146a08ee1d8cbcfe0363a8cd1ed5026949e93dd162df8c5d723741451a771998d2410db4c1a68a45119d393e082a29a401a9f7bd1e7ab07204cc693484c1d8e430f65010706d50c5576e71e0f864f080e95060af2c213dd10b1fa4a9e81e6deec15320b7ce8508f0f90c6114d429fd1717b5615add286ed2709b27d6f34f0a31876322d031e014a6959fe5ef785608f66fc1d5a0eb20a74f6de8c8241583f272973a23f9f98a5243673a759ae778e1da8657ec733f54870e947b953c9b77fba8a1a12d77a227c621acd03d9529996304f7afb4736a8b83dabea9c17b420f750e9ce5f79a0c39f440a331f95076c1cd420e62495e7c1463b19539b61e6a8c03f0268742b06205ce229f36246fee78e34004163f312d9f7a7c3ce2e033923a451c055c8c3fcce9b2583af3b36cd1178c203e1d68019f1af40dafb66a94173b05a1bcd72a833b6289308a5838bb54fc1c8838a99f0c5a6ec7e856b3313ee57a2039aea071ead22c8ad0bbcf2e553f5f8972ff00750c29aee3bff070a9f3187bbe1d3cf48dc9eed48ece0cf93834cc437092a5d7735d95896d1dd2b01e333c3467d23ce3555090beebaa3202fe1209a41073bcf36353067f9f268436d5f8137eead4a2fdc8d61a4dd8e2e052b7b689faf4a6c4cbbe7f0f351404ff00ab972ff99c932658e3c951d1b26db3bfc6c2e08a9b3c00ba5cac8f7de9a818afd74a3d68e8e34fd58546e8e1f22812677be668c81367c3e4b81ffb1a73ac1b8e4803ef63a51dd188e59f3e95855a21072ffacb8973a3b3b353c09d23b9eea26f596e39f9eee6469309c1dd4d4e9ae3fc1dab16165e2d35764811c5bb59984b873b8bdaac3bf860ff00c114e1b1c16b169325fd3cba52b974d9799ee90131b3e4156fd7fb50fb13fb50afd11d2b477339daf5a9d490f226a3d7742f39a8c78cec985151c14ffc2fffda000c03010002000300000010f38a34730b3800052073cf3cf2ca2850c73c520d2cf3cf14e3ca34f34e2053cb34f24824b38538c1042401c01851891cb34f38f04f0c310200930d18e00b00534214400e10f18e2871c428e2cf24f2cb3872c70011c62872c73ca1052ce1c134c14534e1cf38f28f34838b3053091cf3c33c014e28f3c53cf3cf3cf3c83cf3062c73cf3cf3cf3cffc40014110100000000000000000000000000000070ffda0008010301013f1034ffc40014110100000000000000000000000000000070ffda0008010201013f1034ffc4002910010001030304020203010101000000000111002131415161718191a110b120f030c1d1e140f1ffda0008010100013f108362a0d8a8362a0d8a8362a0d8ab35d9996e92de9ac92787a0f6a7c42e1faaaac90e264f0d1b898e02fa6981dfd61d20bc439ec52c41bafdad4990b5603daa6c6c633ea68a29ead7a2a62c600bdca957c775f46c5f7539b1e8dfd0a4fcca20f12faa3c618928e812e55a9eae11aef0f4db8541b1506c541b1506c541b1506c7e02f4d4e0065570549f914edd93d84e698a75ec1559ede1584f85bf5613e681d672bc2aa62066313a41396691018c34f0a4cc3e8fae028f42dd533d3ea93232d3c2a27ba72e74a9bb074d84a6ea5dd548709b15514d94657b02aed8e623a207aa2fde11e7d007b283b3019ce20225b07443ac1c81c2264a8a2ad1069b646cd3b4bc948ef3ff0009d21cb97bb06b2d7bc5e86f9fcc3d9ddce88b55a1fd55c759a4e8a33d767bac1169375e65c14310d1d9cc13094634a5c3891e7760007180b3350f3b0b2f63dda5003c39f016ac9c9327a347ed09bb7d51207b08f337ba821fb82fd45a98ff00e3b12b4dc0f3099d85ed45a18d83db4f113241a0435e701e007aa0c27d7b427bd19d5a513ad0965b139a87dea52bc9194ee471444e4b19e27e15f36b7ccdc1616eb8c62cbbb26967a94a6fb0f310f23b9f938a9a560fa98a369673a07592202c4fb587cb9740a1ca931c701aaba05da0812965ec1906d19199a5f1ec3b460bcb4177ac7b5a1b2b199ef86607466852fa7808bb7d03a7e05cb4d236197032c3097bb158e3d725044aead45000dcff006454e34bcae7b9f4a0004ee6506f666d735cee0e414d97d2e312134d756531ba585309a11243712382a64b0cce805b84c832495c8a58cb039184e4a5d4d8e14079187a14327e2e2b2422374968e1951f137c254ace792a9b0dff0004d888bbd109d9a6062bc9cba325d5275f970d5d16fc0805370449e3e32a1807dd3ea9fa29b17928712ac1fd29589330b772d42b4ecdd3f535b5b430d23f9855017bacca95907a86e63bd3c622176b0f56a2b4500800c07c2cca91098d13eed0581976e102bd1f887e4e4266b71f0d5e06984dcee926e4a5781bc7c0848894243293b58f14de19824c69261ec6b3bf7266928635baf42bc0d24421308fa21e29360d8a09f43b7e0c3049a071a26c65e0bd2aa960299d260f353d12dac45a782ce427ad15f053b061f654b52f67329d042c384688aa402318c24d12cb6835b67f0d504f2043d1d9d1a9b2600c4f0496353baa99940a478751351b9afcb35809489646af22b6ada054bb59e032bafcd94c410d299c7e216b95bc3a4e6a7fb785f6a8037b1249eef54c0f215d8ac8acd8cc493bd266660a1cc7f6253c6960406f01f22928b12b3682a7c240bf712e535c922999602c0884c61d6c0a9614a2a1152c2d87c3ee83191704b8945e06917fc2b9087495318262a1890e9c4713c1d68e05b94fd593b03bd06b628cd2852025dea3ca725e1a23e4b85bc8c0018cd9e6964cf1bd68ba017b9766f8287f045118117114c5ef4eeb30ea403a72eaeb5200a5fba1f458e42e407968d78e8bee9072e4ebb557099518e854c848030e4c0068011a99e86642ae7bf384b9f137668cd08bc4acdc28d5dd2b8db35c22f32d8c481221858ea05ae31338a101d05e7ac854a20a2c0bbf29f5f114621eedfda878992a7cc4d41b04f1d4b287288d9c5033d67881024cae6a08594216440031d79f8235a7ca8844d92a19ab2d999b4f4bb21bdda0522dc2e83c8740f5ae4f21de6f0685be6445a248ee4cd3dad48a8c6486b2612212810a4a70ea0ca35184a2870c85af549a12f7a582610f045e85d25122621945d0eb4a5706a2a6e305d16a794aede7bbfed01f702fed9ba74cd4ff00165b6b9789c9924c97a2124a4c96e24262f0ea150e361dc4e42da50c30e20e8c4c7030b40ffb84a86242a9337877140d64685c1dd49eb4c726ef016010a424d077a2c18e615d8144fe1820b60c1e2962dd7caa11e57b44f0680724a90986326d29dccd37a08a202d9386133f010ca027dd5b1446cd6c2251f1fc02c1612831aad817392d4779a4b09ba48e28b02f6d79f02fba5cb940870559e1689e7fc60f7f71779a2aa1844c220ea93a41b94154f127488651b9d29d67cd2d911cd0cb41ae2511a99ea1ad5dd155dd3bb0a14bd4227d350f869701958a01303980f151ba4e739c6399bed44b68cd71b75a14090921a44e11a422a0195a32869166909821a11a54a9ce91319129bc16f468f1ca5c313eeacf30283fdd572b4830e33853dcf61a4a2e6050c2b5caecabc11836bb268d0ba45895958d31f85a263854858804b9139cb478160a792978e8af153dd25bdf305ba6226d7a9d10dd62b9d14a4f92e71269b756c545769b866f3f4c149b977811b2e3382272ad42c57a91a80db0224ce69ccb8a5ce01b8f02d3bce51215f62a445d5ec2f40a11ab98f214d39976340444ee8e676a480a4b071241ae21110c45d02f2493df32433085482f2103166cb71b2d238dae32a3a1013cfc15b550801957429845a8db3700b724d8a43a58e0267b7021bb58f6b21103a90f09b7cb648468a1891692d375d0b3538cd6c943adbea98903840949413c345721485d026a9cef01c53f1a044145bf6a4162e1fbcd5eba68aea089c00d6cbbdcdecb7bd0764585ee8203d693db12f8358f3ae01cd3ec436329be377973408707b4a41f2a8533da980240289a2c61500ccb2b48f82798a54de309f2019002c64547f29fbd3dc8bde90119373143f4c7c1244102f9399f609ad1001986730b912c38dd46c52b5a80cc28c429cdc4916447387c7a52122f0d28304c2535caf46722437040e43417359c8519828d928f6c94190a01006c1484028236243cad6bd0abdf32e7c57816c966f66410d93b3d1c9d441b3b362e6fe8a62d43026d8c5e66acdf57e64d846256d3ad498cdd4f326b7412560c312c0b411a5328dfc6e9985909d5bbb6f56f3e2c1d224b02590ecf8a27769100dd25a813f6b743403b4cae306c25d218a77c43fe952ed20203b7dcb3c34fa10b9b127675760293762cc80186f921730c5af4dca77a17fc0335d337d98359b000027a1a12c08412055b49100260982c9249d55d86a48757ede021b18707c01bb36b05b3c49d08a01411244da9e5e1176acd64ed24487b17dcae03a400212ca5c1be2a5e0a093ee111d8513ee10b5f5bc3e4a661a8009dda90e952a88e44b5a12b09f404bb451953b005b2054eede891fd3d03ec56c23d47dda51cd7228f50142c522114ed120f58a5e4721b08092e40c371a8437a457572bcd58a8f70304cd24d3cc389c55ab8f163c237d5575a234a542016040657ab572f926dc5e0be72080165a647a192c641e35e16d4a2b6a0100300687c1a46cd6aaa926030d86ad63dea16614a8d10d9dc5aaeb57bc29834660d0eedbe0cc2ed7017de9db48af2b3ee8a1b992925c9024d07a82093665a8ff9e5306f03e2afdc692d19ea420eed2acc09148c43009259cd140cb8863ccf75194088a4180b80ef534424a0060e0ed460ef1f543ed41f83a96d0ca5c0a8ace207b0979a00002034ab44510922d6c8c765446412643a2fdf650d6b0588766d53aad2a5996547803950a5e1c48c123242e28a82e1c4894b645e0c0503c92749a33ba126801a5635dd085df94b7e2c69f2873d05b66f1b9dc7428e24a5811c0ba6cd73889f9643aff5d5acbfa1ab53003cff00a17c3e7c04889080bdcb54a31214888b245f0bb6c5205ed4932aa055555dda31bf1f58d2cbb809dc84423350c5ada6f33028ceff000844bbf78494943ff8a30140647143abbb7fa4a1ea9705c9db3607bd20b3585593b4b45fa0042e848a3a451c3b74fb0b2bf34d182802eeeabcb2d3c84ea113238195db49517a19418070141865d5c513982c1bb9c3ce1e50697f89ab6dcbbc0f2903968146241b94719b6e81515b50080180343f0845ba67427da9dfccbeedfdd3c2936ee99f552adfbaaa83b8c88dc447f821aba5ae6b812b8094bb4fabdd8a3e323aa5449594fb44afd4521138112319d51a384c9bb78047c1f8373a4376d95d74ef151a6a42e574329c1b0eedeac0273c7aeec3ed8f9329e57e159eb743956d4d33e262205feeee7f8c84b327e8222ac1c5b7a27f54d3448097fd79f41a82b0cad91c62f7de6981a0c09a86b3867114c52f88c9426f20dd104da488b9444a646ca4414b860a63967792c25ba896059a88946f309b0e141d33520d49158c9bd0013f68cf88a626d9d2979353898a8c68497f46e7c81e44f4489e1a44097ea0806f10ff00da651f74e66373c458d5b450f17329c54c41c13b0d4bb9c1c9e4d2739705bf01cccf0c0df40c6c33b5218145b05cde312d0b65a000002c07e0e2b2602bb83cad0820b0562f0621a11ecd305e3106c199692d9d3624854566cc3211c81a054633c3421c54c508eb4a37ba8100cacc49a2d2537de22abee1dc28fb9350ea35204c11181793e6a9a3a08ed95051ed63ca40372cd85e898b948785a006f637f433426230eeb5a07bb51e7446102180600c4b4eba032a2edfa2dea2ef6f14d00dc763ad1cb860c0dc0f9eb7a22a24ea73012bfe2a3ce97849f2121c79743d50b9b645fee0e65b53c79209d6593716af3a4e43b35850b43f16a204b0ead3d50c7c26c0a694cf5cd1d9bd65fef53120693bdf4729465ea57dd0c09193ea93a831040f1d17476a3e69b46f7b3cd3448f69eda38098081b2264eb50912ebfda35204d9807a1ee813cca2f5cbd94fe30a34ee4a9da2b1a29931c1717dd839a77a5cfbcdee3253c6b07ded2d227628b6689fdfb3dd6b445c9b156d2e95a89f2dba138748c841195a11de1813cb5f1412100800803f26c5e9afa93edf62b429fd938a892338890364a60104741c336728ab051b349595eb922e77306f11586c9a2f4452a699e638afca07aa1aece7ebba956073fea8d6cce1290cab5267bafd51612cbb85378d6666ba0b2d0c5ec121c101c8350ff00f3c42693c87a52ebe1032b394dd0a69be2ca299b497b204542d130a572289e028f736198f444b84f341ef6013751b24ef1e8d45ba87fc19e08363f80ca37b529f4363643f82d58db05d3fe03aeb21402d7ab9edae11bed562400c3c8c8d2ef9e86cf5481c115100ec3f7aa66ac7c9a4d376753402f76fbea342cbb163bd48a5d651ba2e98c2683d707a351715917d78eea0c8d60dce090eca9efb644abbc9eca61d4f241bdbce9778a7d91290077623c8e297a064adc558f3487fccde356ec1fc4d2500355937b77e38a31f226ab50d032271f0b364507724b3d284922ca4cbadec451202183d9495e70993d53f78eeaa8afd23c9585f720dec0ae411ad53890c77a156eb5342dc56625ee8ef1c0d306ec2ae6ec4db62775452a8552fe32eb50d0c9b4186d8163f94c48c792273d289d904d98f4aaf81c18d305848967481e9c06f46d9ceb71d17f3b3dc98c3d25bf6a8c93632dcc7e41a49f78247bb141cba2d10bb005122edae79201c135064192cbecf67ca8637408fc05bff05eed93ba753b9d30ea349d5cbb9ba09f7348b49c6b13460bf42d136a240a06513b14c354f43eb8a0c48e144f11a258ca60e89fbd16c8c913b89e14a133091fd265faab101debe47a5041a11fe7151ff83fffd9',
  'image/jpeg'),
  (2,
  'ffd8ffe000104a46494600010100000100010000ffdb00430006040506050406060506070706080a100a0a09090a140e0f0c1017141818171416161a1d251f1a1b231c1616202c20232627292a29191f2d302d283025282928ffdb0043010707070a080a130a0a13281a161a2828282828282828282828282828282828282828282828282828282828282828282828282828282828282828282828282828ffc200110800c000ec03012200021101031101ffc4001c0000020301010101000000000000000000000704050603080201ffc40014010100000000000000000000000000000000ffda000c030100021003100000016a0001f87e983c80e0ce646d4f8a8d768c4f476ff0143f4d9e02cb931a40b8b2df7417fc98df42bf83d7f448b0f50b71962d594000000010923398e67187da3147167fd90e57c7c927f65cf28fa5c0408f53ab33103710ca4fcfae076939fb33566674c28365a2449e81000000c70b97ba61ce198d3fe1fa62e8069f0c16c88b7959660014f7195580e8acc2adcf445df96661e8aa6a36410277e80ab6a70297429a6e124030d95ad621f76b5b6c559716279bbbfa2be0f2cf4f4a6548b7a9d731a4acb3f83cfce2c04821e4df56679fba5bb80f3c39f4518cbee56f4a337e1515e6db22cbfd2e2cd16e6159b35a368898072f414345a5d1912d6b36a77e744a8273ab2da9000054f719e535c1945a3dbf4457677f33312b3f86185b442b6c563731baa336a4f43f9c0d131e666460505d2c8abf40799b7a36f1fa498799d9cc7490f11756e4cc3b2231439364ac46577cde4469d7ab74646abe8d22b6faa9384bd8c8630956cd3f53a79d98bbf34a8b7a2946d79fde28a2ea92e8205fe928cba99131a58da673605450c47189194f90f3c3d53d7c356812b56769b1dec2c60fcba89ffa067171b1cf960c900573454a3013ce5580baedd6296d6d92065d2e381813d6017fb456cc36f99bad889ad131b99f1bb95005c667eb6a58ed0021cc4a911e98fd8800095752207763777ccf3f5d55d91536144e33053eb5d822189817914eb56f250779073e6a50ba4cc8c15c6ff64556ae8e416855638ed89eeea3a80000211f6831f81465ce6af684ca523aba9e7f9ae0e224acdb1f02b6339acc4ddfeea849bdb37c4b3fce9c091c70bc4fcd3eced80000000044bd9103df377130cfddfc521189df644fa9bfa43fc95fa51c5db4830b6fa3ce92eb309a63272db9d0a1be000000000000ce68c10ae6fa558e6121a119c2ef88ca141443cf2386d31459c705f899d4324397500000000000000003ffc40029100002020300010402020300030000000004050203000106141012131511201630212335243240ffda0008010100010502fdaf229a357742baacb7aba7593ea88964ba0673cd9ceaecd88e2fc8a56b2cda3631cfaabf229ed96479a365afe30766f9a6192e7596b3eadc8f95b96a04953b18ff00eadef5ad31e9461f3ce72db74f2d7d99ae506c0b9d08697c73af53fb0cf8d9cb3c12a7962e0e19ed435644c4bacd5ca2dcfab02ccf18ca334c7e2deb7a96b2708ce2eb9e8ee3ce3bddb2fdcc26a12864d0a6d7a8e6a15eb71f65514f44e1b49a86e21b1af35532cf84ede7897cb3eb2996415830cdf8d46e470b1cb4e572cd4125b288c5d7afb2f8f3c2dd5a15946cb7d3ad5bf0dbce32f3c4fdba2b4839ca55352dab08beb1ea85e519adaf94f36a6bcfaf26bc17c9fd0e8c8b2f5afc6b2d168bb26944fcca0c45d0f5eb2bb856f0a6642f9617440919759352eff62adf93aaf43eb896cfd6faa17d2a6c9ca9f503ddabf2f345a336f176b2b6e059b84e33896246e91cbfcf807f3ec7d6bf1acec80c425f98b3f4e81bc40a7945d3bcbf4ff1f93ba30c697f2dd7e68ea8596c3386322153baacf572ea95da996d5c582f2b6ca338ee12c188b879a3e8be79fe97d50be9a677738cc7beb22af4e85d783a4e9666eea63f24e771bad7ceda527559d72ad0c4896cd87f8cae72ae69fa2aa4282f0434ac6447880271fecdb14702aa827a92673f10c32dd2363bca4566b2d60679935b64cb4919b5d5997cccf7ea6763b0ad2729b0c476ae36a3c6c4a3fd9bb2f7f616c2e26eaad3c4a3749c2dfbf4dc632cb0216cc61cd0b74152ed9a7aa4e32ede4e11b20df9bb29dafe5a52c1168826591f75603a297143115134ca9aa523bc5f808e8c412bf99eb3d4f9f692cdedaa89227106506faae8959f3f3cd022ab306e627f00ec29f139d7da364251cb173cb794b75009b9ab2f2fa616b1f9f61731172c9c6b8731bd49ff00eee92d4c73eb1b2fb3e77b66508189735a8840b1e9ba057f287da68b64236419d1246e0d8c4e52dc5f2798aeeb6bd26b7db071fed515ca364339e32cb5f30e7c634bab97063ba2a8515366c3ae84a6c3a025326a56ebd4fe94aa0a0baa8ca6219abcacd6f5bf59ce35c5974d4539b0d8b68f3ed34b2e11d0254bb78ebe0e7b7bda5957afa7c2ab9a96ea1868514016ba33ac3a4283cc9101dbe6f7f8d16c08272da88b48e30b86c7f46eda95b1df593fca97953223b280f02450a8b41fab07200083ccb7a00d867556cb07059badaee7c41318910102e7d669913fc4ebf774964ca634c22100d6ef192e74eb7cd0f903752c82caa8bbb2b7dccefaabf951743f14770a4a86b5f8d7b238e15dea8a03a71e43236d36769608c5ee0a408e50ac51cafa68d0693d3875613d3996e4416ccf62f29bce9578abb117fc862ec30b4d9a5ecace307baa1b2218809d6d92639d431f34856aa9141c675fd57439d3cbdcef8e1be439783b6ac375b44b60bd5cf595f4e04b3efd64b44ff1cb2743d541536f590cbfa83679b21a9f9473ac2dd2b161f7028228be8c9b0a04589961e54496076588a012ee6d5f9e4eb5f8d6143874dcedf1174b974ff0ebd3b787fb409fc80749ff006f9e6140e17193f6b3eb0cf19772cba9257dbcc813c7e9875a2a343060153cc810ce943a03623af107d7a3fdec5e8cceaf0a70713830f7156b202d5f7ad0e95811e4def1a002d610be9d434f0c7e6137bff4ee3ff54bff0027aa8fb5de5564ea992c092470df982515f5976b1d3adb3a40e8e4187fcb678dd8ed895fcb77f8bbaa2a58436388c96e52c5a94a3e01f2d457838f50d5f68359299cec9345e6d578347a184404196d3376eb5afc6bd7b897fb54ebdaafb5abda71144e8fe9146b8a98fcd1d6607cb8b567500c3e9f8cbf53030c2e80ea72e2e673e75178dfa756cfc923970bc45bfa7673f733163ec1bb01be65b5cf44264c354d15a318520d788feb684c86a60195cb7c43f3408e791ae697eb075a18d5f19bd7d8fa5b08db5877cd2b96dd1d23eaaa4e744a74b42fd7af4ce3c5af9c532388fd5f6fe7e8b2c846cadc27bd75aa1ed41699df55cc6e90edd67225ec763bff003ae7bf22745966bdd5f27add6eac306ab08e857d38575766f3c462e085fcbd55e5a40abeb858593965b4050ae57918f1fc078a5496b09d55c29aff005aff00f23a8f4def5f92d1004e5fc9e59cc1f0c921650dc297b4c7c069aba307d9319f5f18738c65957284ef28e5468e0aa821b0d60307af9189f9f95ca65f230372c92f4f8c1c96d2c4dce46afe8e7ffd9d062897b87269f9ead34f1675d90b6396c4cdcb503f592d31cf6b3cae25fa5e4d346a4e6bb364ccb9683dd356fc338ac9dca92e9874a4df8bd0166c97af1c0aff00a398d7e1f61225d4903b61e729c216c2c442fbb4bcfaf354b5d67b5ae7c6cf79e330cb3db0cf8c7b32a5f2d6fc0becd0eb441f6c5e06165cd1a35907cb5d3c014880ff005b0f9147402115963e5f4557c3e9c68e681be39e3179e3919e259bcf0219a581fe6ba6aabd58b8101cb0e66f26bb9a1e8c84235c7fb1dac83218130a4460078e757fb5f7d5444ae941a709ea4a9e58d985d2a2b78641772f5c375570aa1fde70341d51dcf9614c6e8cfa32beb219fca86c9f57565dd511bc9b76864e8e75813ba394a7594a05d565235347ff000fffc40014110100000000000000000000000000000070ffda0008010301013f0134ffc40014110100000000000000000000000000000070ffda0008010201013f0134ffc4004610000102030209070906060105000000000102030004111221101322233141515271053242617281d1142024628291a1b1c13033347392e153638393a2f04015434454d2ffda0008010100063f02f3aaf3a86fb4691f7a567d44c66a59c5768d23352cd0e353193653d96e2e54d1eca2919489b576ab1f70bef588ce1423b4e88ca9d944f17e2ee5192fef4544d3247528c7e21afd462e79a3ed98d283fd48aa12e8ec39004d254a4ec793f5808fba7b715af87d954dc20a65c63d7d5cdf7c112f6928fe5e48f7c5a9a994a49d82d4654c3df082a502f9d58cd0228c21903852323c97bed45f332cdf65a27e6633bca4ff00f4d294c7a54c3cbfcd9831ff0086789b5192a941ec452d491e3662db2d841de65567e51e8d378d1b9302bfe422ccfb4a963bc6f41f6bc62a0d460295a429275182ff00270b2e0bcb635f081293a73ba10b3afa8fd829e7d56502312d0506c9c9693af8c0727f2d7fc3d43c60a5909040c91aa3d2edcc3c79ce2947e1b22b2d3936cf505d4464f29da1ebb223f152ff00d93e317ce343b2c7ef19c9e7bd94a53f48ceae61dedbca8ba559ef4d6024e25b3a85c22f58ee49319e2d9edb5fb455a7186d7b5b731662d494f6393bafe57f908c5f29cba98add6f9cd9ef8c6f24ba94037e28dedabc3ba31132832f33b8ae9703af089d60512a3974d476c51c39f6ee575f5f9fe489d0836509fac6a53e79cbf0c05c7d61081acc5a97409764e85ba2aa3ecf8c676726947a9763e5174c4e0e0faa331ca2ff00f5405c59990d9d8b6f5f7798a624f36b14c7cc017a46e83b600c19d65b5f69358b4c632597bccae9041289f635a542cafc0c29de457314e0fbc9476e1eed50a979a6ac4c239cd2b9c9eb101b9a517a5ba2feb4f6bc7038cb9cd58a404b9759562d7c3cfb6dff00ec247baec3292eb4d50d82fabe43cc536e8aa157110eb6e1b45874b56b681a3cc9da8a0c75dd7929c19e98690761547e293ee319336d779a4550a0a1b440710717309e6b83fdbc421daf93cf35a169ff007440138118dd06c683141a302275b1eab9f430caeb9691615c479a5b6cd66542e1bbd70271d19a6f457a4ac35d70508b4f286e68f7c7e0eefccfda33acbadf0be2b2cf257d5ae26aba16edb1ee1e658fbc7f706ae3052de30a775bb9222b34f25077537c149d22ec16a5dc5a15ea984b13b44b86e4b9a8f9ab69c154285088521d05728e6bda36f184bacac2d0ad0461c44bd0cc9ff08f2ce5151c51cabcdebfda033c952b8e691715d6c20708c994689fcffda2e9361236a9d82dcb84e395cfb2757545a7651576a71b24451525260edc553005b6a2950d0441ff00a83810ea35d39d18867196ce8aa74e079f02a509a88026564d6ab5ed54041294d34368d31e8edb6da7aef30b7112ce1b66d64a2e8fc2abde231e897712a1aecda80b530d36ef4948bad434661c7595d28560d0984a258296d1e94ca40b3ee37e0ccb2c14ed5b847d232a5e5ffbc7ff00984aa6587f8b0e63027d93f480e367192eb3ecabc0c07593c46b0702973194055c5f5c3ada956393e5fef55be76701094726cba65d8d4ebb75dd498b2f4cb417b2d451a98696760561bc0319c97655c5020996cc39fe30658aec52b534ae882a6eaa74dd6d580a162a92284463242ae23735880b9e72cfa88d3ef8cc308077b498526b4a8a560b13c54eb6936540f387080eb0b0b41d622d29b4156d223d37158afe66880cc8345c09b86a488ab416db67772045a514a8fe6402ac7363de93f48b2b011309d29dbd6203afa42a55ecdbe0ead8a8ab46d32abc6c5a610f326a957c23951f1ce42453e30e329d362c93b4937c259e4e412a5dca5034a08abae34dfc4c55a994295b0a6905a7095a5268a6d700cb82e3aa1cdd1678c2dd7d094d156459d780adc504a469261c23410bfb0b60e2e6074b6f182584bbda64d6b167d33f41116a64e2fd671553015671aeef2fc21c55ab2ea8596f8c3a99855b5b679dd5050e24292748308725eb639e8e1ac438137875baa7e912ee74d9692b1eebe28db8b48ea31ca2ded6edfe9358794de50b2163baf84ad06a950a83826c170a9b72d1d3d7742df5b8ea54ad21348aa94f2fa8aa12db490842740119c369d3a1b1a62c8e60d5a1088b55c63e45ebf0f31c6932c845934cbad6026719b037d17fc2265ab48cd91669a4822b5c17612a5a82523598299318e737ba221d9c76b6529a82ababd498731882a6dcd34d22025b78059e8aee89656b0a22256bbb05bd589a7c30106fb27f524c36c4f5ccd332f1e6a93b0c5655f5960e86ed0291c2034d9a2debabd5ae1a2e1a25554d7054e882d724376f517cf3070db0f5a0b71c454ace9d10b95340e0368758c29c602b715a1022e944d3b701854b942e95d3510ce24203b436c27e112be50c36b586922a537e88be55a3c44635a6d2c91ad39317bd8c56c6ef8a4a3496c6f2af301c796ac56fb9a3b84052c63dcdabd1ee875d734253ef85a5cb41a426f29dbaa2e9b559ec43322cd578aa2075aa128e8b48f943ca569c5d9ef3760c6b633ed5e3ac6c85c83f4524e5201f888c6c912c1e9207315dd0846a4362108952a7320578d2f84cbcf9251a12e6ce3095121d6ce8bea931742b246569eb8f2995b589ad52a1d0e31e99543c37456d43f99b0d2341ac0330ca1646b3174a33de9ac198976c36e14d9bb445be549d63175a9caca5c5194add3d428228c250cf0168c55c0f286d74d04566a63b9b1f58976e5ed5b554a8a8ea894fcb10415e31cdc45f157325b1cd40d021d71c4d1a76853b4e07e79f75016e1bad9a5984372c0f935a05c74dd686c1089395cb42557d3a4a86db75a6d6e695129adf812b45c8b41c1c35fd704c75507c21730ae6b29f898790d283632975a75c1b38c4a36a6f418a4ccb8575a0d232b1a8e298a17eed85062d5a524ec6c28406a550ed81a929f18cd4aa8f69548cda5a6fbab1ce99701d49069f08a96d2df6d50dcacea0d2d1428575c66186d1d605f80e31614e6a6d3a614fbba4e81b042259a538a48140da2e1487663945da2e990846f45b747a3b7cef58ec8a0d183ca1e614f3cb344dc567bb642e5da18840c9550d49ef8137349ce1e624f47af0caaf68508975ef3693f089ae23e5136c3aab0e2c12851d7742d3bcd98c50e7bf93ddae1d5cd3295852f26b1938d4705425c6dc754b52ac8b548c7bae388ca2053588cbc6b9c55e10db72e8b08280695eb3199976d3d766fc25e1bc97041126c7b4e78451730a09d88c98b0c214e2faa12d3d4b4a4855d14141415717b612db35b15a369d836c2186b4275edc38864e7dd1fa4426726937696d07e7e649fb5f4894fca4c3deb049f860b4d2d4856d49a4259987318949a82ad3ef8434d62ac22e00a63392cdab812210de23176556ab6ab0d302592ab0295b51f844feb84bc5b08a26cd2b58fc18afe67ed19a69a47c633932e53624d9f9455553d718c68252d5696946019a714e9d832445861b4a13b12219984a09404d9511aa112d4094d00559d2b8c6bc3d21cd3ea8d985c79d39281582e4c7339ebe1b22834799289d81462507f293f2865cdf453dd08b7a169b4923411f63625db538ad37467021a1eb2bc201995a9e3b39a2330da521955aa246a8719e936baf71c18c98584a7e718a6c14315b9034ab8c26667067ba28ddfdfccf2664e65b37f5aa0294338f651e1abcd42775b1f330d27624080ea74b2aaf7438d2bef65958c4764e910fca9004cb394daf8ea832f3d6d2a55c8a1a65425e4bc5c49559a59d118e33241ad0a4274438e373254a4a6a13634c3adccdab936850d239ae1f6e149698400a143aeb13007f0feb854858aa5428614157a52ab0beb4c62e4e8f3bbdd1105594e2b5ad5cd4c5b39c7f7ceae1e619697567d5ce23a03c603aea7d1906ff0058ecf3968f5928f96052162a950a110a52415cbea58fac10a92402ad2b6ee30b7e52d252a36efb8830b612f36b74a751d0a832eae6bb77b58032abaf53670280d244292aba885054671f693c5622e74b87620452565c27ad66b05ec51255d322c880a9d5e355b89b842504a5b1d16d22f3c04552df9335b577acf76a8abce9a9de352ae022a52586baf9e7c20b122429dd057a931e5135692c135a9d2b84b6d242509b801e703b666bf1c364eb8a96b16adaddd1989aee5a6324b4be0a8fc39ee508b28f2b038d631b8899c6d6b6e86b17796fbcc595f9494ec2ba45ed253c56233afb49e15319e79c73864c66a5d15da6f319e70056a40bd47ba3369f22637977b87bb54652edccab59cb71519a40926779cbd7eed505d7dc2b983d259b4e2a3c9e550a436abac239cae301d9fa2d7a9bd438fd8327d651f81c0e55768879c1c328c59b450a17a5434a4c06b94d18956a747317e1169b52569da935c19a758427adb27eb1f7d2c7fa47c6325c94fd0af18bdc93fedabc633aeb1ecb67c7055e750df69548a48b2f4d2bd44d13ef8acfce33c9ed6e366ab3dfe115e4a907661c3ff7ddc9af798f4c9bc523f872f77f941a580eec4e52cc58944e251b74aa31b344b483792be718b32e8a1d6a3a4fd8b6365af96054d727d2dabef195735cf0318b7eb2cfff000ddba2cad295a0ea3788b72e5d9656d69748cd72a2e9fcc6c2a3f152cae2d47df49ff6d5e317cccb0e0d1f18cae514a78303c63d2396975d8928062e572a4df7a80fa4558e4d9567d67d56cffbdf1e913ce59dd6462c78c5a6d84dbde5651f79829b58d777110512885211b1afa98b538e86c6c4de62acb597beabcfd9a9d40bad6313d60c21e64d50ac165e6d0e27628563d1d4fcbfe53a44647284cfb412afa47e3d5fda4c5f3ae7e84f84654ecc77591f48cb7a655c5e3f48bd84abb795f38cd368476453090e2ed39b88bcc16e5105b675d9fa980a9a38f736746025090948d407dad9e6bc9e62a14d3c8363a4d9f988b72ebaed4eb1e7da79c4363d6348a356de3ea8ba330db6d0ebca317cd3b5f54d3e51642a66c1d6b55980b9e5e355b89d1010da425234003fe058984056c3ac463a416a700ddb9622cbc12ed37c50c6725163b2aac7dc3ff08c89570f1348cccb369ed1262c21c72a7a2d26916df21baeb7155319f98715d9148fb8b67d724c665a6d1d94d3fe0fffc4002910010001020406020301010100000000000111002131415161718191a1b1c110f020d1e1f13040ffda0008010100013f21fca0cadba4c015923df0a96e50fef5347117e9af755f3359906b78159d76af6ac20380f75d8057ba8316d9a6610e84eb7928bf54e4bfd74a3fd2795605c0fed532ceccdf0d6a14d47962a5f11ccee67e7fe4c940bab9524b1da540f6e540670ac61e3fdd37882665d58a8d70ec0f55b49c8f2306b641897854b80f12a6aa619cc7d5b3425bb6879284e2db3e73565e020f559fbe5fb28d80cff3d63a07e803d668c52581ba661d146449711c7e311000c8d6dc9a5e976afae904d7cffc058752ba1bd1e826bd7d9e2a0df1c0f5be8e34aa692080e586552557104cec1b362a58cff08d5b8b49ddc6818ad58df60deb1a21fdaba92f2c81d042af2e7535d5a5380d41e0563c8fa1050f016e7ba68e6bc312838324c0f73cd26d0ff2561ceb54a6397f7a6f59fb6ec21f38131749e6f3c6b4fdecf2fcd1bec4ad950ba86b67c3eda0f8c6f9695a54421d4c87172ab8e7c8874252315d69620fb07e06909546210e258757f00288886c618a9762af22c112b7f82938734951d48edc29686b010fd31a42e3648cba6aee5a94b690aeafb2983161b966dff7f029cb5edbd3e30d9579f87f3be736319c8f4f920c424b3163abdbf08c6fb8493953ee1358c493bc27e02474924c1f128803273d29287969ea86123edbd0665c164a5d985f7367c0d291271aad37597fa5591eb8a7776e1404102c07c72822fa6dd289597d09ad9e7f895f862c9abd53a0125fd16f3f297210226929b3391f5a538054011bc409e2b750830388dea0dddaea3ef1fc20c27244ea5956a86bad1fdb4c9a8b0ce776b10d55c7e0ff000289fdd646e459744c9fc401b4ccca7493839036667f283914fc83b42cab706bc76a8eae0b9d2e545f0aab6a2fcabb104ada7771f053b54618f792e541d2fa06cd48b42091de29bb4be3e570941d6caf31d60ce8a34055110bfd9f87927037ca8498985c0ca850e6dc572f6d34d331fe5520baa52e59a0a4e787ba0e048b623bd475ac0bcc271a49cb0033665d6d563122b86b3e25185e828caa91e4563e236a0c40af0e66e450ae42313c046fc7bd4b3c6cfc93f0f7af9585d63ac722b111d1311dd9f52a0ca609cc3bf58a8d7d6509e95b71c33d3e7be61346a4a500c5c98553b9faa91bca1a0299925bc6869f0425e460948670ff003ea56f469a79bf4a3885e63bade98a49a0caa5d9119dd4e3c2b0b55fb34ad96315a521a888ddcf3a2a033e139ddad3ab7b4ddae620cda6ea5e6fbd4424292c050b408c2bdb309e1a55e496e3c0bb9afeea2ceb9acc77ac51738e1ef153b641d210b9ab4e322010f75ceb91265ed5bbd2e0b2cb9f396a6c56b988d1cbc54f339321c4fd5311e702166fc7e2ff008f5c05387290f3ff008176d20249b47ba79708b90bf529f5aee228dc638f65ff00952c42ca98e180a1bcc20c6799c31a582182c545a7a343e0e052252d176e3ccf8e15df75689ee8a20c964da00f7ca95cd530e135abb1cd6e0e935b0816623c4a12041331a6c544c331916c2e5508c5c02c469b503d9203b1431ea0562b01925b76ee8566e798d86fbf7a618448441a0cbf02413c66519e55201336071a65b13562f22f4a05d8a02509b7ce3d6e580a0f24a56f73f6f410a45a40bc14f41c13e060ef8b56b2a0137ada976f16e09fca45c76f2962a4331f97e233c2727ea914a962680a72c992617a29bc7e719121b4d4eb9ac621fe8280399560296ef1f00c802eae552eef43e29c5f6f406c57a4665a9675e5cd8f33e4702e74baae4560e342a7c52a32c28b55298a2816b49df1a5c63464599e35379068fe36de11be49c6a6800fb5c3bd4dfda18c3cd4a52b891f669562772ace183cd2dc0c83564534b2855e583cf4a6f43a213d66ad9f54b2b44af6ef538b06bac31a0b58c5c08777e31862c1cff62a0f068327d2fd681b2b7323be5e2534ef9455fd54c56adb337806deaa2006a51a6a37abe828760c1a000006014b818747ba892c19ed694b024dc85b8d39d589c6c737c9de871b40170d26818e50f2a6d208614e71ad101233fe4634122d87926fda9b8f387917f5411a74bf01f452e026b33bbf541055e45c01b6b59aa0019e6cb9b8142545ddf33777a092c939137e1f0f49cb0022f139d5f21094033aece6e11528b125f96070a39bc875cc6fdbe3257fee6cf0a1924afb356d089c82f03c4d42c08a90180ee53ec55de74d3ade863eab21a24bfe3f86a7eec43fa3a4a996211e51158ac418975557a38f183f01a9209d49bbfeaadc65c4f4526cf384bd269194c8b031737a0098fa4e3f1a85912ff5cea134b0186505122e6da0b5c3cb58083bb905cf9566f39ec3f6a020016032f8279ce919030eca917a607670b470eb4b1615b60d5bf8f98b3eaf247dd4c177b02be8b4d1bdc290ad89ca856cb1c446850e641b0c5eb9d47cfa8de02f0e38f8a59e4e7f2341eb60a0595caa4a949240677de6b353c33c2a60eac8de0cf851096341ea6ff20e246e901ec69a448c9fd3f753eadb4ed47de321dd72a71d849daf976a1a77db9a2eae95cb49ccc7e5a132d5f32cd7e70938831d5e2e05189ec298eff5f877d57d669539ff00027af81c4245e3ad2f986c13e540342ff43415c3eee34e20758ad1a51c6318937e15feaff549f9283215f74530129beb2ea7ae9a074a5c2dc5e83a22b3e18d8bd35f556e7e28a1be8298d7809c724f5acdb911435fd565e6fa1dfe618931be873abdb1764181f1d680800580cbf093fa113f55b61e0540e5baa5fd2acc111a947fc5784120e053e3c4c3d254c09fe98bf7a198956c323e9e5535b28fa663f0ef2ea715a067436ce2f932ddc2a60ae26ef7ea3f0c4add46dfa8fdd5b3b8d991d2fcff0018df0ea94aff0019e29444ccf1d9f549d1c40bc17061a5071966333693bd40364d61a1de8af11c8605bb3b5179ac4999af9a9ca53216653347f24f7743e4a6afc62a976f1490d15a2e6523807e6538c5a8d49f2c1bd8f869c599f4e6d69d15807838146a08ee1d8cbcfe0363a8cd1ed5026949e93dd162df8c5d723741451a771998d2410db4c1a68a45119d393e082a29a401a9f7bd1e7ab07204cc693484c1d8e430f65010706d50c5576e71e0f864f080e95060af2c213dd10b1fa4a9e81e6deec15320b7ce8508f0f90c6114d429fd1717b5615add286ed2709b27d6f34f0a31876322d031e014a6959fe5ef785608f66fc1d5a0eb20a74f6de8c8241583f272973a23f9f98a5243673a759ae778e1da8657ec733f54870e947b953c9b77fba8a1a12d77a227c621acd03d9529996304f7afb4736a8b83dabea9c17b420f750e9ce5f79a0c39f440a331f95076c1cd420e62495e7c1463b19539b61e6a8c03f0268742b06205ce229f36246fee78e34004163f312d9f7a7c3ce2e033923a451c055c8c3fcce9b2583af3b36cd1178c203e1d68019f1af40dafb66a94173b05a1bcd72a833b6289308a5838bb54fc1c8838a99f0c5a6ec7e856b3313ee57a2039aea071ead22c8ad0bbcf2e553f5f8972ff00750c29aee3bff070a9f3187bbe1d3cf48dc9eed48ece0cf93834cc437092a5d7735d95896d1dd2b01e333c3467d23ce3555090beebaa3202fe1209a41073bcf36353067f9f268436d5f8137eead4a2fdc8d61a4dd8e2e052b7b689faf4a6c4cbbe7f0f351404ff00ab972ff99c932658e3c951d1b26db3bfc6c2e08a9b3c00ba5cac8f7de9a818afd74a3d68e8e34fd58546e8e1f22812677be668c81367c3e4b81ffb1a73ac1b8e4803ef63a51dd188e59f3e95855a21072ffacb8973a3b3b353c09d23b9eea26f596e39f9eee6469309c1dd4d4e9ae3fc1dab16165e2d35764811c5bb59984b873b8bdaac3bf860ff00c114e1b1c16b169325fd3cba52b974d9799ee90131b3e4156fd7fb50fb13fb50afd11d2b477339daf5a9d490f226a3d7742f39a8c78cec985151c14ffc2fffda000c03010002000300000010f38a34730b3800052073cf3cf2ca2850c73c520d2cf3cf14e3ca34f34e2053cb34f24824b38538c1042401c01851891cb34f38f04f0c310200930d18e00b00534214400e10f18e2871c428e2cf24f2cb3872c70011c62872c73ca1052ce1c134c14534e1cf38f28f34838b3053091cf3c33c014e28f3c53cf3cf3cf3c83cf3062c73cf3cf3cf3cffc40014110100000000000000000000000000000070ffda0008010301013f1034ffc40014110100000000000000000000000000000070ffda0008010201013f1034ffc4002910010001030304020203010101000000000111002131415161718191a110b120f030c1d1e140f1ffda0008010100013f108362a0d8a8362a0d8a8362a0d8ab35d9996e92de9ac92787a0f6a7c42e1faaaac90e264f0d1b898e02fa6981dfd61d20bc439ec52c41bafdad4990b5603daa6c6c633ea68a29ead7a2a62c600bdca957c775f46c5f7539b1e8dfd0a4fcca20f12faa3c618928e812e55a9eae11aef0f4db8541b1506c541b1506c541b1506c7e02f4d4e0065570549f914edd93d84e698a75ec1559ede1584f85bf5613e681d672bc2aa62066313a41396691018c34f0a4cc3e8fae028f42dd533d3ea93232d3c2a27ba72e74a9bb074d84a6ea5dd548709b15514d94657b02aed8e623a207aa2fde11e7d007b283b3019ce20225b07443ac1c81c2264a8a2ad1069b646cd3b4bc948ef3ff0009d21cb97bb06b2d7bc5e86f9fcc3d9ddce88b55a1fd55c759a4e8a33d767bac1169375e65c14310d1d9cc13094634a5c3891e7760007180b3350f3b0b2f63dda5003c39f016ac9c9327a347ed09bb7d51207b08f337ba821fb82fd45a98ff00e3b12b4dc0f3099d85ed45a18d83db4f113241a0435e701e007aa0c27d7b427bd19d5a513ad0965b139a87dea52bc9194ee471444e4b19e27e15f36b7ccdc1616eb8c62cbbb26967a94a6fb0f310f23b9f938a9a560fa98a369673a07592202c4fb587cb9740a1ca931c701aaba05da0812965ec1906d19199a5f1ec3b460bcb4177ac7b5a1b2b199ef86607466852fa7808bb7d03a7e05cb4d236197032c3097bb158e3d725044aead45000dcff006454e34bcae7b9f4a0004ee6506f666d735cee0e414d97d2e312134d756531ba585309a11243712382a64b0cce805b84c832495c8a58cb039184e4a5d4d8e14079187a14327e2e2b2422374968e1951f137c254ace792a9b0dff0004d888bbd109d9a6062bc9cba325d5275f970d5d16fc0805370449e3e32a1807dd3ea9fa29b17928712ac1fd29589330b772d42b4ecdd3f535b5b430d23f9855017bacca95907a86e63bd3c622176b0f56a2b4500800c07c2cca91098d13eed0581976e102bd1f887e4e4266b71f0d5e06984dcee926e4a5781bc7c0848894243293b58f14de19824c69261ec6b3bf7266928635baf42bc0d24421308fa21e29360d8a09f43b7e0c3049a071a26c65e0bd2aa960299d260f353d12dac45a782ce427ad15f053b061f654b52f67329d042c384688aa402318c24d12cb6835b67f0d504f2043d1d9d1a9b2600c4f0496353baa99940a478751351b9afcb35809489646af22b6ada054bb59e032bafcd94c410d299c7e216b95bc3a4e6a7fb785f6a8037b1249eef54c0f215d8ac8acd8cc493bd266660a1cc7f6253c6960406f01f22928b12b3682a7c240bf712e535c922999602c0884c61d6c0a9614a2a1152c2d87c3ee83191704b8945e06917fc2b9087495318262a1890e9c4713c1d68e05b94fd593b03bd06b628cd2852025dea3ca725e1a23e4b85bc8c0018cd9e6964cf1bd68ba017b9766f8287f045118117114c5ef4eeb30ea403a72eaeb5200a5fba1f458e42e407968d78e8bee9072e4ebb557099518e854c848030e4c0068011a99e86642ae7bf384b9f137668cd08bc4acdc28d5dd2b8db35c22f32d8c481221858ea05ae31338a101d05e7ac854a20a2c0bbf29f5f114621eedfda878992a7cc4d41b04f1d4b287288d9c5033d67881024cae6a08594216440031d79f8235a7ca8844d92a19ab2d999b4f4bb21bdda0522dc2e83c8740f5ae4f21de6f0685be6445a248ee4cd3dad48a8c6486b2612212810a4a70ea0ca35184a2870c85af549a12f7a582610f045e85d25122621945d0eb4a5706a2a6e305d16a794aede7bbfed01f702fed9ba74cd4ff00165b6b9789c9924c97a2124a4c96e24262f0ea150e361dc4e42da50c30e20e8c4c7030b40ffb84a86242a9337877140d64685c1dd49eb4c726ef016010a424d077a2c18e615d8144fe1820b60c1e2962dd7caa11e57b44f0680724a90986326d29dccd37a08a202d9386133f010ca027dd5b1446cd6c2251f1fc02c1612831aad817392d4779a4b09ba48e28b02f6d79f02fba5cb940870559e1689e7fc60f7f71779a2aa1844c220ea93a41b94154f127488651b9d29d67cd2d911cd0cb41ae2511a99ea1ad5dd155dd3bb0a14bd4227d350f869701958a01303980f151ba4e739c6399bed44b68cd71b75a14090921a44e11a422a0195a32869166909821a11a54a9ce91319129bc16f468f1ca5c313eeacf30283fdd572b4830e33853dcf61a4a2e6050c2b5caecabc11836bb268d0ba45895958d31f85a263854858804b9139cb478160a792978e8af153dd25bdf305ba6226d7a9d10dd62b9d14a4f92e71269b756c545769b866f3f4c149b977811b2e3382272ad42c57a91a80db0224ce69ccb8a5ce01b8f02d3bce51215f62a445d5ec2f40a11ab98f214d39976340444ee8e676a480a4b071241ae21110c45d02f2493df32433085482f2103166cb71b2d238dae32a3a1013cfc15b550801957429845a8db3700b724d8a43a58e0267b7021bb58f6b21103a90f09b7cb648468a1891692d375d0b3538cd6c943adbea98903840949413c345721485d026a9cef01c53f1a044145bf6a4162e1fbcd5eba68aea089c00d6cbbdcdecb7bd0764585ee8203d693db12f8358f3ae01cd3ec436329be377973408707b4a41f2a8533da980240289a2c61500ccb2b48f82798a54de309f2019002c64547f29fbd3dc8bde90119373143f4c7c1244102f9399f609ad1001986730b912c38dd46c52b5a80cc28c429cdc4916447387c7a52122f0d28304c2535caf46722437040e43417359c8519828d928f6c94190a01006c1484028236243cad6bd0abdf32e7c57816c966f66410d93b3d1c9d441b3b362e6fe8a62d43026d8c5e66acdf57e64d846256d3ad498cdd4f326b7412560c312c0b411a5328dfc6e9985909d5bbb6f56f3e2c1d224b02590ecf8a27769100dd25a813f6b743403b4cae306c25d218a77c43fe952ed20203b7dcb3c34fa10b9b127675760293762cc80186f921730c5af4dca77a17fc0335d337d98359b000027a1a12c08412055b49100260982c9249d55d86a48757ede021b18707c01bb36b05b3c49d08a01411244da9e5e1176acd64ed24487b17dcae03a400212ca5c1be2a5e0a093ee111d8513ee10b5f5bc3e4a661a8009dda90e952a88e44b5a12b09f404bb451953b005b2054eede891fd3d03ec56c23d47dda51cd7228f50142c522114ed120f58a5e4721b08092e40c371a8437a457572bcd58a8f70304cd24d3cc389c55ab8f163c237d5575a234a542016040657ab572f926dc5e0be72080165a647a192c641e35e16d4a2b6a0100300687c1a46cd6aaa926030d86ad63dea16614a8d10d9dc5aaeb57bc29834660d0eedbe0cc2ed7017de9db48af2b3ee8a1b992925c9024d07a82093665a8ff9e5306f03e2afdc692d19ea420eed2acc09148c43009259cd140cb8863ccf75194088a4180b80ef534424a0060e0ed460ef1f543ed41f83a96d0ca5c0a8ace207b0979a00002034ab44510922d6c8c765446412643a2fdf650d6b0588766d53aad2a5996547803950a5e1c48c123242e28a82e1c4894b645e0c0503c92749a33ba126801a5635dd085df94b7e2c69f2873d05b66f1b9dc7428e24a5811c0ba6cd73889f9643aff5d5acbfa1ab53003cff00a17c3e7c04889080bdcb54a31214888b245f0bb6c5205ed4932aa055555dda31bf1f58d2cbb809dc84423350c5ada6f33028ceff000844bbf78494943ff8a30140647143abbb7fa4a1ea9705c9db3607bd20b3585593b4b45fa0042e848a3a451c3b74fb0b2bf34d182802eeeabcb2d3c84ea113238195db49517a19418070141865d5c513982c1bb9c3ce1e50697f89ab6dcbbc0f2903968146241b94719b6e81515b50080180343f0845ba67427da9dfccbeedfdd3c2936ee99f552adfbaaa83b8c88dc447f821aba5ae6b812b8094bb4fabdd8a3e323aa5449594fb44afd4521138112319d51a384c9bb78047c1f8373a4376d95d74ef151a6a42e574329c1b0eedeac0273c7aeec3ed8f9329e57e159eb743956d4d33e262205feeee7f8c84b327e8222ac1c5b7a27f54d3448097fd79f41a82b0cad91c62f7de6981a0c09a86b3867114c52f88c9426f20dd104da488b9444a646ca4414b860a63967792c25ba896059a88946f309b0e141d33520d49158c9bd0013f68cf88a626d9d2979353898a8c68497f46e7c81e44f4489e1a44097ea0806f10ff00da651f74e66373c458d5b450f17329c54c41c13b0d4bb9c1c9e4d2739705bf01cccf0c0df40c6c33b5218145b05cde312d0b65a000002c07e0e2b2602bb83cad0820b0562f0621a11ecd305e3106c199692d9d3624854566cc3211c81a054633c3421c54c508eb4a37ba8100cacc49a2d2537de22abee1dc28fb9350ea35204c11181793e6a9a3a08ed95051ed63ca40372cd85e898b948785a006f637f433426230eeb5a07bb51e7446102180600c4b4eba032a2edfa2dea2ef6f14d00dc763ad1cb860c0dc0f9eb7a22a24ea73012bfe2a3ce97849f2121c79743d50b9b645fee0e65b53c79209d6593716af3a4e43b35850b43f16a204b0ead3d50c7c26c0a694cf5cd1d9bd65fef53120693bdf4729465ea57dd0c09193ea93a831040f1d17476a3e69b46f7b3cd3448f69eda38098081b2264eb50912ebfda35204d9807a1ee813cca2f5cbd94fe30a34ee4a9da2b1a29931c1717dd839a77a5cfbcdee3253c6b07ded2d227628b6689fdfb3dd6b445c9b156d2e95a89f2dba138748c841195a11de1813cb5f1412100800803f26c5e9afa93edf62b429fd938a892338890364a60104741c336728ab051b349595eb922e77306f11586c9a2f4452a699e638afca07aa1aece7ebba956073fea8d6cce1290cab5267bafd51612cbb85378d6666ba0b2d0c5ec121c101c8350ff00f3c42693c87a52ebe1032b394dd0a69be2ca299b497b204542d130a572289e028f736198f444b84f341ef6013751b24ef1e8d45ba87fc19e08363f80ca37b529f4363643f82d58db05d3fe03aeb21402d7ab9edae11bed562400c3c8c8d2ef9e86cf5481c115100ec3f7aa66ac7c9a4d376753402f76fbea342cbb163bd48a5d651ba2e98c2683d707a351715917d78eea0c8d60dce090eca9efb644abbc9eca61d4f241bdbce9778a7d91290077623c8e297a064adc558f3487fccde356ec1fc4d2500355937b77e38a31f226ab50d032271f0b364507724b3d284922ca4cbadec451202183d9495e70993d53f78eeaa8afd23c9585f720dec0ae411ad53890c77a156eb5342dc56625ee8ef1c0d306ec2ae6ec4db62775452a8552fe32eb50d0c9b4186d8163f94c48c792273d289d904d98f4aaf81c18d305848967481e9c06f46d9ceb71d17f3b3dc98c3d25bf6a8c93632dcc7e41a49f78247bb141cba2d10bb005122edae79201c135064192cbecf67ca8637408fc05bff05eed93ba753b9d30ea349d5cbb9ba09f7348b49c6b13460bf42d136a240a06513b14c354f43eb8a0c48e144f11a258ca60e89fbd16c8c913b89e14a133091fd265faab101debe47a5041a11fe7151ff83fffd9',
  'image/jpeg'),
  (3,
  'ffd8ffe000104a46494600010100000100010000ffdb00430006040506050406060506070706080a100a0a09090a140e0f0c1017141818171416161a1d251f1a1b231c1616202c20232627292a29191f2d302d283025282928ffdb0043010707070a080a130a0a13281a161a2828282828282828282828282828282828282828282828282828282828282828282828282828282828282828282828282828ffc200110800c000ec03012200021101031101ffc4001c0000020301010101000000000000000000000704050603080201ffc40014010100000000000000000000000000000000ffda000c030100021003100000016a0001f87e983c80e0ce646d4f8a8d768c4f476ff0143f4d9e02cb931a40b8b2df7417fc98df42bf83d7f448b0f50b71962d594000000010923398e67187da3147167fd90e57c7c927f65cf28fa5c0408f53ab33103710ca4fcfae076939fb33566674c28365a2449e81000000c70b97ba61ce198d3fe1fa62e8069f0c16c88b7959660014f7195580e8acc2adcf445df96661e8aa6a36410277e80ab6a70297429a6e124030d95ad621f76b5b6c559716279bbbfa2be0f2cf4f4a6548b7a9d731a4acb3f83cfce2c04821e4df56679fba5bb80f3c39f4518cbee56f4a337e1515e6db22cbfd2e2cd16e6159b35a368898072f414345a5d1912d6b36a77e744a8273ab2da9000054f719e535c1945a3dbf4457677f33312b3f86185b442b6c563731baa336a4f43f9c0d131e666460505d2c8abf40799b7a36f1fa498799d9cc7490f11756e4cc3b2231439364ac46577cde4469d7ab74646abe8d22b6faa9384bd8c8630956cd3f53a79d98bbf34a8b7a2946d79fde28a2ea92e8205fe928cba99131a58da673605450c47189194f90f3c3d53d7c356812b56769b1dec2c60fcba89ffa067171b1cf960c900573454a3013ce5580baedd6296d6d92065d2e381813d6017fb456cc36f99bad889ad131b99f1bb95005c667eb6a58ed0021cc4a911e98fd8800095752207763777ccf3f5d55d91536144e33053eb5d822189817914eb56f250779073e6a50ba4cc8c15c6ff64556ae8e416855638ed89eeea3a80000211f6831f81465ce6af684ca523aba9e7f9ae0e224acdb1f02b6339acc4ddfeea849bdb37c4b3fce9c091c70bc4fcd3eced80000000044bd9103df377130cfddfc521189df644fa9bfa43fc95fa51c5db4830b6fa3ce92eb309a63272db9d0a1be000000000000ce68c10ae6fa558e6121a119c2ef88ca141443cf2386d31459c705f899d4324397500000000000000003ffc40029100002020300010402020300030000000004050203000106141012131511201630212335243240ffda0008010100010502fdaf229a357742baacb7aba7593ea88964ba0673cd9ceaecd88e2fc8a56b2cda3631cfaabf229ed96479a365afe30766f9a6192e7596b3eadc8f95b96a04953b18ff00eadef5ad31e9461f3ce72db74f2d7d99ae506c0b9d08697c73af53fb0cf8d9cb3c12a7962e0e19ed435644c4bacd5ca2dcfab02ccf18ca334c7e2deb7a96b2708ce2eb9e8ee3ce3bddb2fdcc26a12864d0a6d7a8e6a15eb71f65514f44e1b49a86e21b1af35532cf84ede7897cb3eb2996415830cdf8d46e470b1cb4e572cd4125b288c5d7afb2f8f3c2dd5a15946cb7d3ad5bf0dbce32f3c4fdba2b4839ca55352dab08beb1ea85e519adaf94f36a6bcfaf26bc17c9fd0e8c8b2f5afc6b2d168bb26944fcca0c45d0f5eb2bb856f0a6642f9617440919759352eff62adf93aaf43eb896cfd6faa17d2a6c9ca9f503ddabf2f345a336f176b2b6e059b84e33896246e91cbfcf807f3ec7d6bf1acec80c425f98b3f4e81bc40a7945d3bcbf4ff1f93ba30c697f2dd7e68ea8596c3386322153baacf572ea95da996d5c582f2b6ca338ee12c188b879a3e8be79fe97d50be9a677738cc7beb22af4e85d783a4e9666eea63f24e771bad7ceda527559d72ad0c4896cd87f8cae72ae69fa2aa4282f0434ac6447880271fecdb14702aa827a92673f10c32dd2363bca4566b2d60679935b64cb4919b5d5997cccf7ea6763b0ad2729b0c476ae36a3c6c4a3fd9bb2f7f616c2e26eaad3c4a3749c2dfbf4dc632cb0216cc61cd0b74152ed9a7aa4e32ede4e11b20df9bb29dafe5a52c1168826591f75603a297143115134ca9aa523bc5f808e8c412bf99eb3d4f9f692cdedaa89227106506faae8959f3f3cd022ab306e627f00ec29f139d7da364251cb173cb794b75009b9ab2f2fa616b1f9f61731172c9c6b8731bd49ff00eee92d4c73eb1b2fb3e77b66508189735a8840b1e9ba057f287da68b64236419d1246e0d8c4e52dc5f2798aeeb6bd26b7db071fed515ca364339e32cb5f30e7c634bab97063ba2a8515366c3ae84a6c3a025326a56ebd4fe94aa0a0baa8ca6219abcacd6f5bf59ce35c5974d4539b0d8b68f3ed34b2e11d0254bb78ebe0e7b7bda5957afa7c2ab9a96ea1868514016ba33ac3a4283cc9101dbe6f7f8d16c08272da88b48e30b86c7f46eda95b1df593fca97953223b280f02450a8b41fab07200083ccb7a00d867556cb07059badaee7c41318910102e7d669913fc4ebf774964ca634c22100d6ef192e74eb7cd0f903752c82caa8bbb2b7dccefaabf951743f14770a4a86b5f8d7b238e15dea8a03a71e43236d36769608c5ee0a408e50ac51cafa68d0693d3875613d3996e4416ccf62f29bce9578abb117fc862ec30b4d9a5ecace307baa1b2218809d6d92639d431f34856aa9141c675fd57439d3cbdcef8e1be439783b6ac375b44b60bd5cf595f4e04b3efd64b44ff1cb2743d541536f590cbfa83679b21a9f9473ac2dd2b161f7028228be8c9b0a04589961e54496076588a012ee6d5f9e4eb5f8d6143874dcedf1174b974ff0ebd3b787fb409fc80749ff006f9e6140e17193f6b3eb0cf19772cba9257dbcc813c7e9875a2a343060153cc810ce943a03623af107d7a3fdec5e8cceaf0a70713830f7156b202d5f7ad0e95811e4def1a002d610be9d434f0c7e6137bff4ee3ff54bff0027aa8fb5de5564ea992c092470df982515f5976b1d3adb3a40e8e4187fcb678dd8ed895fcb77f8bbaa2a58436388c96e52c5a94a3e01f2d457838f50d5f68359299cec9345e6d578347a184404196d3376eb5afc6bd7b897fb54ebdaafb5abda71144e8fe9146b8a98fcd1d6607cb8b567500c3e9f8cbf53030c2e80ea72e2e673e75178dfa756cfc923970bc45bfa7673f733163ec1bb01be65b5cf44264c354d15a318520d788feb684c86a60195cb7c43f3408e791ae697eb075a18d5f19bd7d8fa5b08db5877cd2b96dd1d23eaaa4e744a74b42fd7af4ce3c5af9c532388fd5f6fe7e8b2c846cadc27bd75aa1ed41699df55cc6e90edd67225ec763bff003ae7bf22745966bdd5f27add6eac306ab08e857d38575766f3c462e085fcbd55e5a40abeb858593965b4050ae57918f1fc078a5496b09d55c29aff005aff00f23a8f4def5f92d1004e5fc9e59cc1f0c921650dc297b4c7c069aba307d9319f5f18738c65957284ef28e5468e0aa821b0d60307af9189f9f95ca65f230372c92f4f8c1c96d2c4dce46afe8e7ffd9d062897b87269f9ead34f1675d90b6396c4cdcb503f592d31cf6b3cae25fa5e4d346a4e6bb364ccb9683dd356fc338ac9dca92e9874a4df8bd0166c97af1c0aff00a398d7e1f61225d4903b61e729c216c2c442fbb4bcfaf354b5d67b5ae7c6cf79e330cb3db0cf8c7b32a5f2d6fc0becd0eb441f6c5e06165cd1a35907cb5d3c014880ff005b0f9147402115963e5f4557c3e9c68e681be39e3179e3919e259bcf0219a581fe6ba6aabd58b8101cb0e66f26bb9a1e8c84235c7fb1dac83218130a4460078e757fb5f7d5444ae941a709ea4a9e58d985d2a2b78641772f5c375570aa1fde70341d51dcf9614c6e8cfa32beb219fca86c9f57565dd511bc9b76864e8e75813ba394a7594a05d565235347ff000fffc40014110100000000000000000000000000000070ffda0008010301013f0134ffc40014110100000000000000000000000000000070ffda0008010201013f0134ffc4004610000102030209070906060105000000000102030004111221101322233141515271053242617281d1142024628291a1b1c13033347392e153638393a2f04015434454d2ffda0008010100063f02f3aaf3a86fb4691f7a567d44c66a59c5768d23352cd0e353193653d96e2e54d1eca2919489b576ab1f70bef588ce1423b4e88ca9d944f17e2ee5192fef4544d3247528c7e21afd462e79a3ed98d283fd48aa12e8ec39004d254a4ec793f5808fba7b715af87d954dc20a65c63d7d5cdf7c112f6928fe5e48f7c5a9a994a49d82d4654c3df082a502f9d58cd0228c21903852323c97bed45f332cdf65a27e6633bca4ff00f4d294c7a54c3cbfcd9831ff0086789b5192a941ec452d491e3662db2d841de65567e51e8d378d1b9302bfe422ccfb4a963bc6f41f6bc62a0d460295a429275182ff00270b2e0bcb635f081293a73ba10b3afa8fd829e7d56502312d0506c9c9693af8c0727f2d7fc3d43c60a5909040c91aa3d2edcc3c79ce2947e1b22b2d3936cf505d4464f29da1ebb223f152ff00d93e317ce343b2c7ef19c9e7bd94a53f48ceae61dedbca8ba559ef4d6024e25b3a85c22f58ee49319e2d9edb5fb455a7186d7b5b731662d494f6393bafe57f908c5f29cba98add6f9cd9ef8c6f24ba94037e28dedabc3ba31132832f33b8ae9703af089d60512a3974d476c51c39f6ee575f5f9fe489d0836509fac6a53e79cbf0c05c7d61081acc5a97409764e85ba2aa3ecf8c676726947a9763e5174c4e0e0faa331ca2ff00f5405c59990d9d8b6f5f7798a624f36b14c7cc017a46e83b600c19d65b5f69358b4c632597bccae9041289f635a542cafc0c29de457314e0fbc9476e1eed50a979a6ac4c239cd2b9c9eb101b9a517a5ba2feb4f6bc7038cb9cd58a404b9759562d7c3cfb6dff00ec247baec3292eb4d50d82fabe43cc536e8aa157110eb6e1b45874b56b681a3cc9da8a0c75dd7929c19e98690761547e293ee319336d779a4550a0a1b440710717309e6b83fdbc421daf93cf35a169ff007440138118dd06c683141a302275b1eab9f430caeb9691615c479a5b6cd66542e1bbd70271d19a6f457a4ac35d70508b4f286e68f7c7e0eefccfda33acbadf0be2b2cf257d5ae26aba16edb1ee1e658fbc7f706ae3052de30a775bb9222b34f25077537c149d22ec16a5dc5a15ea984b13b44b86e4b9a8f9ab69c154285088521d05728e6bda36f184bacac2d0ad0461c44bd0cc9ff08f2ce5151c51cabcdebfda033c952b8e691715d6c20708c994689fcffda2e9361236a9d82dcb84e395cfb2757545a7651576a71b24451525260edc553005b6a2950d0441ff00a83810ea35d39d18867196ce8aa74e079f02a509a88026564d6ab5ed54041294d34368d31e8edb6da7aef30b7112ce1b66d64a2e8fc2abde231e897712a1aecda80b530d36ef4948bad434661c7595d28560d0984a258296d1e94ca40b3ee37e0ccb2c14ed5b847d232a5e5ffbc7ff00984aa6587f8b0e63027d93f480e367192eb3ecabc0c07593c46b0702973194055c5f5c3ada956393e5fef55be76701094726cba65d8d4ebb75dd498b2f4cb417b2d451a98696760561bc0319c97655c5020996cc39fe30658aec52b534ae882a6eaa74dd6d580a162a92284463242ae23735880b9e72cfa88d3ef8cc308077b498526b4a8a560b13c54eb6936540f387080eb0b0b41d622d29b4156d223d37158afe66880cc8345c09b86a488ab416db67772045a514a8fe6402ac7363de93f48b2b011309d29dbd6203afa42a55ecdbe0ead8a8ab46d32abc6c5a610f326a957c23951f1ce42453e30e329d362c93b4937c259e4e412a5dca5034a08abae34dfc4c55a994295b0a6905a7095a5268a6d700cb82e3aa1cdd1678c2dd7d094d156459d780adc504a469261c23410bfb0b60e2e6074b6f182584bbda64d6b167d33f41116a64e2fd671553015671aeef2fc21c55ab2ea8596f8c3a99855b5b679dd5050e24292748308725eb639e8e1ac438137875baa7e912ee74d9692b1eebe28db8b48ea31ca2ded6edfe9358794de50b2163baf84ad06a950a83826c170a9b72d1d3d7742df5b8ea54ad21348aa94f2fa8aa12db490842740119c369d3a1b1a62c8e60d5a1088b55c63e45ebf0f31c6932c845934cbad6026719b037d17fc2265ab48cd91669a4822b5c17612a5a82523598299318e737ba221d9c76b6529a82ababd498731882a6dcd34d22025b78059e8aee89656b0a22256bbb05bd589a7c30106fb27f524c36c4f5ccd332f1e6a93b0c5655f5960e86ed0291c2034d9a2debabd5ae1a2e1a25554d7054e882d724376f517cf3070db0f5a0b71c454ace9d10b95340e0368758c29c602b715a1022e944d3b701854b942e95d3510ce24203b436c27e112be50c36b586922a537e88be55a3c44635a6d2c91ad39317bd8c56c6ef8a4a3496c6f2af301c796ac56fb9a3b84052c63dcdabd1ee875d734253ef85a5cb41a426f29dbaa2e9b559ec43322cd578aa2075aa128e8b48f943ca569c5d9ef3760c6b633ed5e3ac6c85c83f4524e5201f888c6c912c1e9207315dd0846a4362108952a7320578d2f84cbcf9251a12e6ce3095121d6ce8bea931742b246569eb8f2995b589ad52a1d0e31e99543c37456d43f99b0d2341ac0330ca1646b3174a33de9ac198976c36e14d9bb445be549d63175a9caca5c5194add3d428228c250cf0168c55c0f286d74d04566a63b9b1f58976e5ed5b554a8a8ea894fcb10415e31cdc45f157325b1cd40d021d71c4d1a76853b4e07e79f75016e1bad9a5984372c0f935a05c74dd686c1089395cb42557d3a4a86db75a6d6e695129adf812b45c8b41c1c35fd704c75507c21730ae6b29f898790d283632975a75c1b38c4a36a6f418a4ccb8575a0d232b1a8e298a17eed85062d5a524ec6c28406a550ed81a929f18cd4aa8f69548cda5a6fbab1ce99701d49069f08a96d2df6d50dcacea0d2d1428575c66186d1d605f80e31614e6a6d3a614fbba4e81b042259a538a48140da2e1487663945da2e990846f45b747a3b7cef58ec8a0d183ca1e614f3cb344dc567bb642e5da18840c9550d49ef8137349ce1e624f47af0caaf68508975ef3693f089ae23e5136c3aab0e2c12851d7742d3bcd98c50e7bf93ddae1d5cd3295852f26b1938d4705425c6dc754b52ac8b548c7bae388ca2053588cbc6b9c55e10db72e8b08280695eb3199976d3d766fc25e1bc97041126c7b4e78451730a09d88c98b0c214e2faa12d3d4b4a4855d14141415717b612db35b15a369d836c2186b4275edc38864e7dd1fa4426726937696d07e7e649fb5f4894fca4c3deb049f860b4d2d4856d49a4259987318949a82ad3ef8434d62ac22e00a63392cdab812210de23176556ab6ab0d302592ab0295b51f844feb84bc5b08a26cd2b58fc18afe67ed19a69a47c633932e53624d9f9455553d718c68252d5696946019a714e9d832445861b4a13b12219984a09404d9511aa112d4094d00559d2b8c6bc3d21cd3ea8d985c79d39281582e4c7339ebe1b22834799289d81462507f293f2865cdf453dd08b7a169b4923411f63625db538ad37467021a1eb2bc201995a9e3b39a2330da521955aa246a8719e936baf71c18c98584a7e718a6c14315b9034ab8c26667067ba28ddfdfccf2664e65b37f5aa0294338f651e1abcd42775b1f330d27624080ea74b2aaf7438d2bef65958c4764e910fca9004cb394daf8ea832f3d6d2a55c8a1a65425e4bc5c49559a59d118e33241ad0a4274438e373254a4a6a13634c3adccdab936850d239ae1f6e149698400a143aeb13007f0feb854858aa5428614157a52ab0beb4c62e4e8f3bbdd1105594e2b5ad5cd4c5b39c7f7ceae1e619697567d5ce23a03c603aea7d1906ff0058ecf3968f5928f96052162a950a110a52415cbea58fac10a92402ad2b6ee30b7e52d252a36efb8830b612f36b74a751d0a832eae6bb77b58032abaf53670280d244292aba885054671f693c5622e74b87620452565c27ad66b05ec51255d322c880a9d5e355b89b842504a5b1d16d22f3c04552df9335b577acf76a8abce9a9de352ae022a52586baf9e7c20b122429dd057a931e5135692c135a9d2b84b6d242509b801e703b666bf1c364eb8a96b16adaddd1989aee5a6324b4be0a8fc39ee508b28f2b038d631b8899c6d6b6e86b17796fbcc595f9494ec2ba45ed253c56233afb49e15319e79c73864c66a5d15da6f319e70056a40bd47ba3369f22637977b87bb54652edccab59cb71519a40926779cbd7eed505d7dc2b983d259b4e2a3c9e550a436abac239cae301d9fa2d7a9bd438fd8327d651f81c0e55768879c1c328c59b450a17a5434a4c06b94d18956a747317e1169b52569da935c19a758427adb27eb1f7d2c7fa47c6325c94fd0af18bdc93fedabc633aeb1ecb67c7055e750df69548a48b2f4d2bd44d13ef8acfce33c9ed6e366ab3dfe115e4a907661c3ff7ddc9af798f4c9bc523f872f77f941a580eec4e52cc58944e251b74aa31b344b483792be718b32e8a1d6a3a4fd8b6365af96054d727d2dabef195735cf0318b7eb2cfff000ddba2cad295a0ea3788b72e5d9656d69748cd72a2e9fcc6c2a3f152cae2d47df49ff6d5e317cccb0e0d1f18cae514a78303c63d2396975d8928062e572a4df7a80fa4558e4d9567d67d56cffbdf1e913ce59dd6462c78c5a6d84dbde5651f79829b58d777110512885211b1afa98b538e86c6c4de62acb597beabcfd9a9d40bad6313d60c21e64d50ac165e6d0e27628563d1d4fcbfe53a44647284cfb412afa47e3d5fda4c5f3ae7e84f84654ecc77591f48cb7a655c5e3f48bd84abb795f38cd368476453090e2ed39b88bcc16e5105b675d9fa980a9a38f736746025090948d407dad9e6bc9e62a14d3c8363a4d9f988b72ebaed4eb1e7da79c4363d6348a356de3ea8ba330db6d0ebca317cd3b5f54d3e51642a66c1d6b55980b9e5e355b89d1010da425234003fe058984056c3ac463a416a700ddb9622cbc12ed37c50c6725163b2aac7dc3ff08c89570f1348cccb369ed1262c21c72a7a2d26916df21baeb7155319f98715d9148fb8b67d724c665a6d1d94d3fe0fffc4002910010001020406020301010100000000000111002131415161718191a1b1c110f020d1e1f13040ffda0008010100013f21fca0cadba4c015923df0a96e50fef5347117e9af755f3359906b78159d76af6ac20380f75d8057ba8316d9a6610e84eb7928bf54e4bfd74a3fd2795605c0fed532ceccdf0d6a14d47962a5f11ccee67e7fe4c940bab9524b1da540f6e540670ac61e3fdd37882665d58a8d70ec0f55b49c8f2306b641897854b80f12a6aa619cc7d5b3425bb6879284e2db3e73565e020f559fbe5fb28d80cff3d63a07e803d668c52581ba661d146449711c7e311000c8d6dc9a5e976afae904d7cffc058752ba1bd1e826bd7d9e2a0df1c0f5be8e34aa692080e586552557104cec1b362a58cff08d5b8b49ddc6818ad58df60deb1a21fdaba92f2c81d042af2e7535d5a5380d41e0563c8fa1050f016e7ba68e6bc312838324c0f73cd26d0ff2561ceb54a6397f7a6f59fb6ec21f38131749e6f3c6b4fdecf2fcd1bec4ad950ba86b67c3eda0f8c6f9695a54421d4c87172ab8e7c8874252315d69620fb07e06909546210e258757f00288886c618a9762af22c112b7f82938734951d48edc29686b010fd31a42e3648cba6aee5a94b690aeafb2983161b966dff7f029cb5edbd3e30d9579f87f3be736319c8f4f920c424b3163abdbf08c6fb8493953ee1358c493bc27e02474924c1f128803273d29287969ea86123edbd0665c164a5d985f7367c0d291271aad37597fa5591eb8a7776e1404102c07c72822fa6dd289597d09ad9e7f895f862c9abd53a0125fd16f3f297210226929b3391f5a538054011bc409e2b750830388dea0dddaea3ef1fc20c27244ea5956a86bad1fdb4c9a8b0ce776b10d55c7e0ff000289fdd646e459744c9fc401b4ccca7493839036667f283914fc83b42cab706bc76a8eae0b9d2e545f0aab6a2fcabb104ada7771f053b54618f792e541d2fa06cd48b42091de29bb4be3e570941d6caf31d60ce8a34055110bfd9f87927037ca8498985c0ca850e6dc572f6d34d331fe5520baa52e59a0a4e787ba0e048b623bd475ac0bcc271a49cb0033665d6d563122b86b3e25185e828caa91e4563e236a0c40af0e66e450ae42313c046fc7bd4b3c6cfc93f0f7af9585d63ac722b111d1311dd9f52a0ca609cc3bf58a8d7d6509e95b71c33d3e7be61346a4a500c5c98553b9faa91bca1a0299925bc6869f0425e460948670ff003ea56f469a79bf4a3885e63bade98a49a0caa5d9119dd4e3c2b0b55fb34ad96315a521a888ddcf3a2a033e139ddad3ab7b4ddae620cda6ea5e6fbd4424292c050b408c2bdb309e1a55e496e3c0bb9afeea2ceb9acc77ac51738e1ef153b641d210b9ab4e322010f75ceb91265ed5bbd2e0b2cb9f396a6c56b988d1cbc54f339321c4fd5311e702166fc7e2ff008f5c05387290f3ff008176d20249b47ba79708b90bf529f5aee228dc638f65ff00952c42ca98e180a1bcc20c6799c31a582182c545a7a343e0e052252d176e3ccf8e15df75689ee8a20c964da00f7ca95cd530e135abb1cd6e0e935b0816623c4a12041331a6c544c331916c2e5508c5c02c469b503d9203b1431ea0562b01925b76ee8566e798d86fbf7a618448441a0cbf02413c66519e55201336071a65b13562f22f4a05d8a02509b7ce3d6e580a0f24a56f73f6f410a45a40bc14f41c13e060ef8b56b2a0137ada976f16e09fca45c76f2962a4331f97e233c2727ea914a962680a72c992617a29bc7e719121b4d4eb9ac621fe8280399560296ef1f00c802eae552eef43e29c5f6f406c57a4665a9675e5cd8f33e4702e74baae4560e342a7c52a32c28b55298a2816b49df1a5c63464599e35379068fe36de11be49c6a6800fb5c3bd4dfda18c3cd4a52b891f669562772ace183cd2dc0c83564534b2855e583cf4a6f43a213d66ad9f54b2b44af6ef538b06bac31a0b58c5c08777e31862c1cff62a0f068327d2fd681b2b7323be5e2534ef9455fd54c56adb337806deaa2006a51a6a37abe828760c1a000006014b818747ba892c19ed694b024dc85b8d39d589c6c737c9de871b40170d26818e50f2a6d208614e71ad101233fe4634122d87926fda9b8f387917f5411a74bf01f452e026b33bbf541055e45c01b6b59aa0019e6cb9b8142545ddf33777a092c939137e1f0f49cb0022f139d5f21094033aece6e11528b125f96070a39bc875cc6fdbe3257fee6cf0a1924afb356d089c82f03c4d42c08a90180ee53ec55de74d3ade863eab21a24bfe3f86a7eec43fa3a4a996211e51158ac418975557a38f183f01a9209d49bbfeaadc65c4f4526cf384bd269194c8b031737a0098fa4e3f1a85912ff5cea134b0186505122e6da0b5c3cb58083bb905cf9566f39ec3f6a020016032f8279ce919030eca917a607670b470eb4b1615b60d5bf8f98b3eaf247dd4c177b02be8b4d1bdc290ad89ca856cb1c446850e641b0c5eb9d47cfa8de02f0e38f8a59e4e7f2341eb60a0595caa4a949240677de6b353c33c2a60eac8de0cf851096341ea6ff20e246e901ec69a448c9fd3f753eadb4ed47de321dd72a71d849daf976a1a77db9a2eae95cb49ccc7e5a132d5f32cd7e70938831d5e2e05189ec298eff5f877d57d669539ff00027af81c4245e3ad2f986c13e540342ff43415c3eee34e20758ad1a51c6318937e15feaff549f9283215f74530129beb2ea7ae9a074a5c2dc5e83a22b3e18d8bd35f556e7e28a1be8298d7809c724f5acdb911435fd565e6fa1dfe618931be873abdb1764181f1d680800580cbf093fa113f55b61e0540e5baa5fd2acc111a947fc5784120e053e3c4c3d254c09fe98bf7a198956c323e9e5535b28fa663f0ef2ea715a067436ce2f932ddc2a60ae26ef7ea3f0c4add46dfa8fdd5b3b8d991d2fcff0018df0ea94aff0019e29444ccf1d9f549d1c40bc17061a5071966333693bd40364d61a1de8af11c8605bb3b5179ac4999af9a9ca53216653347f24f7743e4a6afc62a976f1490d15a2e6523807e6538c5a8d49f2c1bd8f869c599f4e6d69d15807838146a08ee1d8cbcfe0363a8cd1ed5026949e93dd162df8c5d723741451a771998d2410db4c1a68a45119d393e082a29a401a9f7bd1e7ab07204cc693484c1d8e430f65010706d50c5576e71e0f864f080e95060af2c213dd10b1fa4a9e81e6deec15320b7ce8508f0f90c6114d429fd1717b5615add286ed2709b27d6f34f0a31876322d031e014a6959fe5ef785608f66fc1d5a0eb20a74f6de8c8241583f272973a23f9f98a5243673a759ae778e1da8657ec733f54870e947b953c9b77fba8a1a12d77a227c621acd03d9529996304f7afb4736a8b83dabea9c17b420f750e9ce5f79a0c39f440a331f95076c1cd420e62495e7c1463b19539b61e6a8c03f0268742b06205ce229f36246fee78e34004163f312d9f7a7c3ce2e033923a451c055c8c3fcce9b2583af3b36cd1178c203e1d68019f1af40dafb66a94173b05a1bcd72a833b6289308a5838bb54fc1c8838a99f0c5a6ec7e856b3313ee57a2039aea071ead22c8ad0bbcf2e553f5f8972ff00750c29aee3bff070a9f3187bbe1d3cf48dc9eed48ece0cf93834cc437092a5d7735d95896d1dd2b01e333c3467d23ce3555090beebaa3202fe1209a41073bcf36353067f9f268436d5f8137eead4a2fdc8d61a4dd8e2e052b7b689faf4a6c4cbbe7f0f351404ff00ab972ff99c932658e3c951d1b26db3bfc6c2e08a9b3c00ba5cac8f7de9a818afd74a3d68e8e34fd58546e8e1f22812677be668c81367c3e4b81ffb1a73ac1b8e4803ef63a51dd188e59f3e95855a21072ffacb8973a3b3b353c09d23b9eea26f596e39f9eee6469309c1dd4d4e9ae3fc1dab16165e2d35764811c5bb59984b873b8bdaac3bf860ff00c114e1b1c16b169325fd3cba52b974d9799ee90131b3e4156fd7fb50fb13fb50afd11d2b477339daf5a9d490f226a3d7742f39a8c78cec985151c14ffc2fffda000c03010002000300000010f38a34730b3800052073cf3cf2ca2850c73c520d2cf3cf14e3ca34f34e2053cb34f24824b38538c1042401c01851891cb34f38f04f0c310200930d18e00b00534214400e10f18e2871c428e2cf24f2cb3872c70011c62872c73ca1052ce1c134c14534e1cf38f28f34838b3053091cf3c33c014e28f3c53cf3cf3cf3c83cf3062c73cf3cf3cf3cffc40014110100000000000000000000000000000070ffda0008010301013f1034ffc40014110100000000000000000000000000000070ffda0008010201013f1034ffc4002910010001030304020203010101000000000111002131415161718191a110b120f030c1d1e140f1ffda0008010100013f108362a0d8a8362a0d8a8362a0d8ab35d9996e92de9ac92787a0f6a7c42e1faaaac90e264f0d1b898e02fa6981dfd61d20bc439ec52c41bafdad4990b5603daa6c6c633ea68a29ead7a2a62c600bdca957c775f46c5f7539b1e8dfd0a4fcca20f12faa3c618928e812e55a9eae11aef0f4db8541b1506c541b1506c541b1506c7e02f4d4e0065570549f914edd93d84e698a75ec1559ede1584f85bf5613e681d672bc2aa62066313a41396691018c34f0a4cc3e8fae028f42dd533d3ea93232d3c2a27ba72e74a9bb074d84a6ea5dd548709b15514d94657b02aed8e623a207aa2fde11e7d007b283b3019ce20225b07443ac1c81c2264a8a2ad1069b646cd3b4bc948ef3ff0009d21cb97bb06b2d7bc5e86f9fcc3d9ddce88b55a1fd55c759a4e8a33d767bac1169375e65c14310d1d9cc13094634a5c3891e7760007180b3350f3b0b2f63dda5003c39f016ac9c9327a347ed09bb7d51207b08f337ba821fb82fd45a98ff00e3b12b4dc0f3099d85ed45a18d83db4f113241a0435e701e007aa0c27d7b427bd19d5a513ad0965b139a87dea52bc9194ee471444e4b19e27e15f36b7ccdc1616eb8c62cbbb26967a94a6fb0f310f23b9f938a9a560fa98a369673a07592202c4fb587cb9740a1ca931c701aaba05da0812965ec1906d19199a5f1ec3b460bcb4177ac7b5a1b2b199ef86607466852fa7808bb7d03a7e05cb4d236197032c3097bb158e3d725044aead45000dcff006454e34bcae7b9f4a0004ee6506f666d735cee0e414d97d2e312134d756531ba585309a11243712382a64b0cce805b84c832495c8a58cb039184e4a5d4d8e14079187a14327e2e2b2422374968e1951f137c254ace792a9b0dff0004d888bbd109d9a6062bc9cba325d5275f970d5d16fc0805370449e3e32a1807dd3ea9fa29b17928712ac1fd29589330b772d42b4ecdd3f535b5b430d23f9855017bacca95907a86e63bd3c622176b0f56a2b4500800c07c2cca91098d13eed0581976e102bd1f887e4e4266b71f0d5e06984dcee926e4a5781bc7c0848894243293b58f14de19824c69261ec6b3bf7266928635baf42bc0d24421308fa21e29360d8a09f43b7e0c3049a071a26c65e0bd2aa960299d260f353d12dac45a782ce427ad15f053b061f654b52f67329d042c384688aa402318c24d12cb6835b67f0d504f2043d1d9d1a9b2600c4f0496353baa99940a478751351b9afcb35809489646af22b6ada054bb59e032bafcd94c410d299c7e216b95bc3a4e6a7fb785f6a8037b1249eef54c0f215d8ac8acd8cc493bd266660a1cc7f6253c6960406f01f22928b12b3682a7c240bf712e535c922999602c0884c61d6c0a9614a2a1152c2d87c3ee83191704b8945e06917fc2b9087495318262a1890e9c4713c1d68e05b94fd593b03bd06b628cd2852025dea3ca725e1a23e4b85bc8c0018cd9e6964cf1bd68ba017b9766f8287f045118117114c5ef4eeb30ea403a72eaeb5200a5fba1f458e42e407968d78e8bee9072e4ebb557099518e854c848030e4c0068011a99e86642ae7bf384b9f137668cd08bc4acdc28d5dd2b8db35c22f32d8c481221858ea05ae31338a101d05e7ac854a20a2c0bbf29f5f114621eedfda878992a7cc4d41b04f1d4b287288d9c5033d67881024cae6a08594216440031d79f8235a7ca8844d92a19ab2d999b4f4bb21bdda0522dc2e83c8740f5ae4f21de6f0685be6445a248ee4cd3dad48a8c6486b2612212810a4a70ea0ca35184a2870c85af549a12f7a582610f045e85d25122621945d0eb4a5706a2a6e305d16a794aede7bbfed01f702fed9ba74cd4ff00165b6b9789c9924c97a2124a4c96e24262f0ea150e361dc4e42da50c30e20e8c4c7030b40ffb84a86242a9337877140d64685c1dd49eb4c726ef016010a424d077a2c18e615d8144fe1820b60c1e2962dd7caa11e57b44f0680724a90986326d29dccd37a08a202d9386133f010ca027dd5b1446cd6c2251f1fc02c1612831aad817392d4779a4b09ba48e28b02f6d79f02fba5cb940870559e1689e7fc60f7f71779a2aa1844c220ea93a41b94154f127488651b9d29d67cd2d911cd0cb41ae2511a99ea1ad5dd155dd3bb0a14bd4227d350f869701958a01303980f151ba4e739c6399bed44b68cd71b75a14090921a44e11a422a0195a32869166909821a11a54a9ce91319129bc16f468f1ca5c313eeacf30283fdd572b4830e33853dcf61a4a2e6050c2b5caecabc11836bb268d0ba45895958d31f85a263854858804b9139cb478160a792978e8af153dd25bdf305ba6226d7a9d10dd62b9d14a4f92e71269b756c545769b866f3f4c149b977811b2e3382272ad42c57a91a80db0224ce69ccb8a5ce01b8f02d3bce51215f62a445d5ec2f40a11ab98f214d39976340444ee8e676a480a4b071241ae21110c45d02f2493df32433085482f2103166cb71b2d238dae32a3a1013cfc15b550801957429845a8db3700b724d8a43a58e0267b7021bb58f6b21103a90f09b7cb648468a1891692d375d0b3538cd6c943adbea98903840949413c345721485d026a9cef01c53f1a044145bf6a4162e1fbcd5eba68aea089c00d6cbbdcdecb7bd0764585ee8203d693db12f8358f3ae01cd3ec436329be377973408707b4a41f2a8533da980240289a2c61500ccb2b48f82798a54de309f2019002c64547f29fbd3dc8bde90119373143f4c7c1244102f9399f609ad1001986730b912c38dd46c52b5a80cc28c429cdc4916447387c7a52122f0d28304c2535caf46722437040e43417359c8519828d928f6c94190a01006c1484028236243cad6bd0abdf32e7c57816c966f66410d93b3d1c9d441b3b362e6fe8a62d43026d8c5e66acdf57e64d846256d3ad498cdd4f326b7412560c312c0b411a5328dfc6e9985909d5bbb6f56f3e2c1d224b02590ecf8a27769100dd25a813f6b743403b4cae306c25d218a77c43fe952ed20203b7dcb3c34fa10b9b127675760293762cc80186f921730c5af4dca77a17fc0335d337d98359b000027a1a12c08412055b49100260982c9249d55d86a48757ede021b18707c01bb36b05b3c49d08a01411244da9e5e1176acd64ed24487b17dcae03a400212ca5c1be2a5e0a093ee111d8513ee10b5f5bc3e4a661a8009dda90e952a88e44b5a12b09f404bb451953b005b2054eede891fd3d03ec56c23d47dda51cd7228f50142c522114ed120f58a5e4721b08092e40c371a8437a457572bcd58a8f70304cd24d3cc389c55ab8f163c237d5575a234a542016040657ab572f926dc5e0be72080165a647a192c641e35e16d4a2b6a0100300687c1a46cd6aaa926030d86ad63dea16614a8d10d9dc5aaeb57bc29834660d0eedbe0cc2ed7017de9db48af2b3ee8a1b992925c9024d07a82093665a8ff9e5306f03e2afdc692d19ea420eed2acc09148c43009259cd140cb8863ccf75194088a4180b80ef534424a0060e0ed460ef1f543ed41f83a96d0ca5c0a8ace207b0979a00002034ab44510922d6c8c765446412643a2fdf650d6b0588766d53aad2a5996547803950a5e1c48c123242e28a82e1c4894b645e0c0503c92749a33ba126801a5635dd085df94b7e2c69f2873d05b66f1b9dc7428e24a5811c0ba6cd73889f9643aff5d5acbfa1ab53003cff00a17c3e7c04889080bdcb54a31214888b245f0bb6c5205ed4932aa055555dda31bf1f58d2cbb809dc84423350c5ada6f33028ceff000844bbf78494943ff8a30140647143abbb7fa4a1ea9705c9db3607bd20b3585593b4b45fa0042e848a3a451c3b74fb0b2bf34d182802eeeabcb2d3c84ea113238195db49517a19418070141865d5c513982c1bb9c3ce1e50697f89ab6dcbbc0f2903968146241b94719b6e81515b50080180343f0845ba67427da9dfccbeedfdd3c2936ee99f552adfbaaa83b8c88dc447f821aba5ae6b812b8094bb4fabdd8a3e323aa5449594fb44afd4521138112319d51a384c9bb78047c1f8373a4376d95d74ef151a6a42e574329c1b0eedeac0273c7aeec3ed8f9329e57e159eb743956d4d33e262205feeee7f8c84b327e8222ac1c5b7a27f54d3448097fd79f41a82b0cad91c62f7de6981a0c09a86b3867114c52f88c9426f20dd104da488b9444a646ca4414b860a63967792c25ba896059a88946f309b0e141d33520d49158c9bd0013f68cf88a626d9d2979353898a8c68497f46e7c81e44f4489e1a44097ea0806f10ff00da651f74e66373c458d5b450f17329c54c41c13b0d4bb9c1c9e4d2739705bf01cccf0c0df40c6c33b5218145b05cde312d0b65a000002c07e0e2b2602bb83cad0820b0562f0621a11ecd305e3106c199692d9d3624854566cc3211c81a054633c3421c54c508eb4a37ba8100cacc49a2d2537de22abee1dc28fb9350ea35204c11181793e6a9a3a08ed95051ed63ca40372cd85e898b948785a006f637f433426230eeb5a07bb51e7446102180600c4b4eba032a2edfa2dea2ef6f14d00dc763ad1cb860c0dc0f9eb7a22a24ea73012bfe2a3ce97849f2121c79743d50b9b645fee0e65b53c79209d6593716af3a4e43b35850b43f16a204b0ead3d50c7c26c0a694cf5cd1d9bd65fef53120693bdf4729465ea57dd0c09193ea93a831040f1d17476a3e69b46f7b3cd3448f69eda38098081b2264eb50912ebfda35204d9807a1ee813cca2f5cbd94fe30a34ee4a9da2b1a29931c1717dd839a77a5cfbcdee3253c6b07ded2d227628b6689fdfb3dd6b445c9b156d2e95a89f2dba138748c841195a11de1813cb5f1412100800803f26c5e9afa93edf62b429fd938a892338890364a60104741c336728ab051b349595eb922e77306f11586c9a2f4452a699e638afca07aa1aece7ebba956073fea8d6cce1290cab5267bafd51612cbb85378d6666ba0b2d0c5ec121c101c8350ff00f3c42693c87a52ebe1032b394dd0a69be2ca299b497b204542d130a572289e028f736198f444b84f341ef6013751b24ef1e8d45ba87fc19e08363f80ca37b529f4363643f82d58db05d3fe03aeb21402d7ab9edae11bed562400c3c8c8d2ef9e86cf5481c115100ec3f7aa66ac7c9a4d376753402f76fbea342cbb163bd48a5d651ba2e98c2683d707a351715917d78eea0c8d60dce090eca9efb644abbc9eca61d4f241bdbce9778a7d91290077623c8e297a064adc558f3487fccde356ec1fc4d2500355937b77e38a31f226ab50d032271f0b364507724b3d284922ca4cbadec451202183d9495e70993d53f78eeaa8afd23c9585f720dec0ae411ad53890c77a156eb5342dc56625ee8ef1c0d306ec2ae6ec4db62775452a8552fe32eb50d0c9b4186d8163f94c48c792273d289d904d98f4aaf81c18d305848967481e9c06f46d9ceb71d17f3b3dc98c3d25bf6a8c93632dcc7e41a49f78247bb141cba2d10bb005122edae79201c135064192cbecf67ca8637408fc05bff05eed93ba753b9d30ea349d5cbb9ba09f7348b49c6b13460bf42d136a240a06513b14c354f43eb8a0c48e144f11a258ca60e89fbd16c8c913b89e14a133091fd265faab101debe47a5041a11fe7151ff83fffd9',
  'image/jpeg');

-- Password: 123vorbei
INSERT INTO `user` (`password`, `name`, `email`, `role`, `wager`, `created_date`, `last_modified_date`, `avatar_id`) VALUES
  ('$2a$10$v7GArGytza34uWKrr6xD.OMdnI5aKwiGIHly1oRdELQ.hg3Cp0nYS', 'Admin', 'admin@example.com', 'ROLE_ADMIN', 0, '2015-02-01', '2015-02-01', NULL),
  ('$2a$10$v7GArGytza34uWKrr6xD.OMdnI5aKwiGIHly1oRdELQ.hg3Cp0nYS', 'Sid Rowland', 'sid@example.com', 'ROLE_USER', 5, '2016-01-03', '2016-01-05', NULL),
  ('$2a$10$v7GArGytza34uWKrr6xD.OMdnI5aKwiGIHly1oRdELQ.hg3Cp0nYS', 'Paula Marsh', 'paula@example.com', 'ROLE_USER', 5, '2016-03-21', '2016-04-01', NULL),
  ('$2a$10$v7GArGytza34uWKrr6xD.OMdnI5aKwiGIHly1oRdELQ.hg3Cp0nYS', 'Johanna Silva', 'johanna@example.com', 'ROLE_USER', 0, '2015-10-11', '2015-12-24', NULL);

INSERT INTO `shout` (`date`, `user_id`, `message`) VALUES
  ('2015-07-15 22:19:15', 2, 'Nulla aliquet porttitor lacus luctus'),
  ('2015-07-15 14:34:46', 4, 'Semper feugiat nibh sed pulvinar proin gravida hendrerit lectus'),
  ('2015-07-15 12:19:10', 3, 'Fermentum odio eu feugiat pretium nibh ipsum consequat'),
  ('2015-07-15 12:18:44', 3, 'Convallis a cras semper'),
  ('2015-07-14 17:40:52', 3, 'Yes'),
  ('2015-07-14 09:33:06', 1, 'Orci sagittis eu volutpat odio facilisis mauris sit amet :)'),
  ('2015-07-14 01:22:40', 3, 'Dolor sed viverra ipsum.'),
  ('2015-06-17 22:35:59', 2, 'Blandit volutpat maecenas volutpat blandit aliquam etiam erat'),
  ('2015-05-26 22:28:52', 4, 'Vitae suscipit tellus mauris a diam maecenas sed enim'),
  ('2014-07-15 22:19:15', 2, 'Nulla aliquet porttitor lacus luctus'),
  ('2014-07-15 14:34:46', 4, 'Semper feugiat nibh sed pulvinar proin gravida hendrerit lectus'),
  ('2014-07-15 12:19:10', 3, 'Fermentum odio eu feugiat pretium nibh ipsum consequat'),
  ('2014-07-15 12:18:44', 3, 'Convallis a cras semper'),
  ('2014-07-14 17:40:52', 3, 'Yes'),
  ('2014-07-14 09:33:06', 1, 'Orci sagittis eu volutpat odio facilisis mauris sit amet :)'),
  ('2014-07-14 01:22:40', 3, 'Dolor sed viverra ipsum.'),
  ('2014-06-17 22:35:59', 2, 'Blandit volutpat maecenas volutpat blandit aliquam etiam erat'),
  ('2014-05-26 22:28:52', 4, 'Vitae suscipit tellus mauris a diam maecenas sed enim');

INSERT INTO `question` (`question`, `deadline`, `points`) VALUES
  ('Which team will win the championship?', '2016-06-10 19:00:00', 7),
  ('Which player will be the top goalscorer?', '2016-06-10 19:00:00', 7),
  ('Who will be voted the player of the tournament?', '2016-06-10 19:00:00', 7),
  ('Which referee will be assigned for the final?', '2016-06-25 13:00:00', 5);

INSERT INTO `bet` (`user_id`, `game_id`, `score_home`, `score_away` ) VALUES
  (1, 1, 1, 2),
  (1, 2, 0, 1),
  (1, 3, 3, 0),
  (2, 1, 0, 0),
  (2, 2, 3, 2),
  (2, 5, 1, 2),
  (2, 14, 3, 1);

INSERT INTO `answer` (`user_id`, `question_id`, `answer` ) VALUES
  (1, 1, 'Germany'),
  (1, 4, 'Jonas Eriksson'),
  (3, 1, 'England'),
  (3, 4, 'Felix Brych');
