--
-- World Cup 2018 data
--
-- all timestamps in UTC
--
INSERT IGNORE INTO `groups` (`id`, `priority`) VALUES
  ('a', 0),
  ('b', 1),
  ('c', 2),
  ('d', 3),
  ('e', 4),
  ('f', 5),
  ('g', 6),
  ('h', 7),
  ('8', 8),
  ('4', 9),
  ('2', 10),
  ('3', 11),
  ('1', 12);;

INSERT IGNORE INTO `team` (`id`, `group_id`) VALUES
  ('rus', 'a'),
  ('ksa', 'a'),
  ('egy', 'a'),
  ('uru', 'a'),
  ('por', 'b'),
  ('esp', 'b'),
  ('mar', 'b'),
  ('irn', 'b'),
  ('fra', 'c'),
  ('aus', 'c'),
  ('per', 'c'),
  ('den', 'c'),
  ('arg', 'd'),
  ('isl', 'd'),
  ('cro', 'd'),
  ('nga', 'd'),
  ('bra', 'e'),
  ('sui', 'e'),
  ('crc', 'e'),
  ('srb', 'e'),
  ('ger', 'f'),
  ('mex', 'f'),
  ('swe', 'f'),
  ('kor', 'f'),
  ('bel', 'g'),
  ('pan', 'g'),
  ('tun', 'g'),
  ('eng', 'g'),
  ('pol', 'h'),
  ('sen', 'h'),
  ('col', 'h'),
  ('jpn', 'h');

INSERT IGNORE INTO `locations` (`id`, `stadium`, `city`) VALUES
  (1, 'Luzhniki Stadium', 'Moscow'),
  (2, 'Otkrytiye Arena', 'Moscow'),
  (3, 'Krestovsky Stadium', 'Saint Petersburg'),
  (4, 'Kaliningrad Stadium', 'Kaliningrad'),
  (5, 'Kazan Arena', 'Kazan'),
  (6, 'Nizhny Novgorod Stadium', 'Nizhny Novgorod'),
  (7, 'Cosmos Arena', 'Samara'),
  (8, 'Volgograd Arena', 'Volgograd'),
  (9, 'Mordovia Arena', 'Saransk'),
  (10, 'Rostov Arena', 'Rostov-on-Don'),
  (11, 'Fisht Olympic Stadium', 'Sochi'),
  (12, 'Central Stadium', 'Yekaterinburg');

INSERT IGNORE INTO `game` (`id`, `kickoff_time`, `group_id`, `location_id`, `team_home_id`, `team_away_id`) VALUES
  (1, '2018-06-14 15:00:00', 'a', 1, 'rus', 'ksa'),
  (2, '2018-06-15 12:00:00', 'a', 12, 'egy', 'uru'),
  (17, '2018-06-19 18:00:00', 'a', 3, 'rus', 'egy'),
  (18, '2018-06-20 15:00:00', 'a', 10, 'uru', 'ksa'),
  (33, '2018-06-25 14:00:00', 'a', 7, 'uru', 'rus'),
  (34, '2018-06-25 14:00:00', 'a', 8, 'ksa', 'egy'),

  (3, '2018-06-15 18:00:00', 'b', 11, 'por', 'esp'),
  (4, '2018-06-15 15:00:00', 'b', 3, 'mar', 'irn'),
  (19, '2018-06-20 12:00:00', 'b', 1, 'por', 'mar'),
  (20, '2018-06-20 18:00:00', 'b', 5, 'irn', 'esp'),
  (35, '2018-06-25 18:00:00', 'b', 9, 'irn', 'por'),
  (36, '2018-06-25 18:00:00', 'b', 4, 'esp', 'mar'),

  (5, '2018-06-16 10:00:00', 'c', 5, 'fra', 'aus'),
  (6, '2018-06-16 16:00:00', 'c', 9, 'per', 'den'),
  (21, '2018-06-21 15:00:00', 'c', 12, 'fra', 'per'),
  (22, '2018-06-21 12:00:00', 'c', 7, 'den', 'aus'),
  (37, '2018-06-26 14:00:00', 'c', 1, 'den', 'fra'),
  (38, '2018-06-26 15:00:00', 'c', 11, 'aus', 'per'),

  (7, '2018-06-16 13:00:00', 'd', 2, 'arg', 'isl'),
  (8, '2018-06-16 19:00:00', 'd', 4, 'cro', 'nga'),
  (23, '2018-06-21 18:00:00', 'd', 6, 'arg', 'cro'),
  (24, '2018-06-22 15:00:00', 'd', 8, 'nga', 'isl'),
  (39, '2018-06-26 18:00:00', 'd', 3, 'nga', 'arg'),
  (40, '2018-06-26 18:00:00', 'd', 10, 'isl', 'cro'),

  (9, '2018-06-17 18:00:00', 'e', 10, 'bra', 'sui'),
  (10, '2018-06-17 12:00:00', 'e', 7, 'crc', 'srb'),
  (25, '2018-06-22 12:00:00', 'e', 3, 'bra', 'crc'),
  (26, '2018-06-22 18:00:00', 'e', 4, 'srb', 'sui'),
  (41, '2018-06-27 18:00:00', 'e', 2, 'srb', 'bra'),
  (42, '2018-06-27 18:00:00', 'e', 6, 'sui', 'crc'),

  (11, '2018-06-17 15:00:00', 'f', 1, 'ger', 'mex'),
  (12, '2018-06-18 12:00:00', 'f', 6, 'swe', 'kor'),
  (27, '2018-06-23 18:00:00', 'f', 11, 'ger', 'swe'),
  (28, '2018-06-23 15:00:00', 'f', 10, 'kor', 'mex'),
  (43, '2018-06-27 14:00:00', 'f', 5, 'kor', 'ger'),
  (44, '2018-06-27 14:00:00', 'f', 12, 'mex', 'swe'),

  (13, '2018-06-18 15:00:00', 'g', 11, 'bel', 'pan'),
  (14, '2018-06-18 18:00:00', 'g', 8, 'tun', 'eng'),
  (29, '2018-06-23 12:00:00', 'g', 2, 'bel', 'tun'),
  (30, '2018-06-24 12:00:00', 'g', 6, 'eng', 'pan'),
  (45, '2018-06-28 18:00:00', 'g', 4, 'eng', 'bel'),
  (46, '2018-06-28 18:00:00', 'g', 9, 'pan', 'tun'),

  (15, '2018-06-19 15:00:00', 'h', 2, 'pol', 'sen'),
  (16, '2018-06-19 12:00:00', 'h', 9, 'col', 'jpn'),
  (31, '2018-06-24 15:00:00', 'h', 5, 'pol', 'col'),
  (32, '2018-06-24 18:00:00', 'h', 12, 'jpn', 'sen'),
  (47, '2018-06-28 14:00:00', 'h', 8, 'jpn', 'pol'),
  (48, '2018-06-28 14:00:00', 'h', 7, 'sen', 'col'),

  (49, '2018-06-30 14:00:00', '8', 11, null, null),
  (50, '2018-06-30 18:00:00', '8', 5, null, null),
  (51, '2018-07-01 14:00:00', '8', 1, null, null),
  (52, '2018-07-01 18:00:00', '8', 6, null, null),
  (53, '2018-07-02 14:00:00', '8', 7, null, null),
  (54, '2018-07-02 18:00:00', '8', 10, null, null),
  (55, '2018-07-03 14:00:00', '8', 3, null, null),
  (56, '2018-07-03 18:00:00', '8', 2, null, null),

  (57, '2018-07-06 14:00:00', '4', 6, null, null),
  (58, '2018-07-06 18:00:00', '4', 5, null, null),
  (59, '2018-07-07 18:00:00', '4', 11, null, null),
  (60, '2018-07-07 14:00:00', '4', 7, null, null),

  (61, '2018-07-10 18:00:00', '2', 3, null, null),
  (62, '2018-07-11 18:00:00', '2', 1, null, null),

  (63, '2018-07-14 14:00:00', '3', 3, null, null),

  (64, '2018-07-15 15:00:00', '1', 1, null, null);
